version,set_num,inventory_id,part_num,color_id,quantity,is_spare,part_num_right,name,part_cat_id
1,903-1,16,7049b,15,2,f,7049b,"Brick, Modified 2 x 4 with Wheels Holder Old, Clear Bottom",29
1,903-1,16,737,4,2,f,737,Plate Special 2 x 4 with Train Coupler Closed for Hook,9
1,903-1,16,737bc01,4,2,f,737bc01,Plate Special 2 x 4 with Train Coupler Open with Hook,9
1,903-1,16,wheel2b,4,4,f,wheel2b,Train Wheel Spoked for Wagon,29
1,3474-1,21,3009,7,50,f,3009,Brick 1 x 6,11
1,10008-1,96,3037,335,50,f,3037,Slope 45° 2 x 4,3
1,521-15,99,3023a,14,50,f,3023a,Plate 1 x 2 [Old Style Bottom],14
1,521-15,99,3024,14,30,f,3024,Plate 1 x 1,14
1,991451-1,111,57518,0,60,f,57518,Technic Link Tread Wide with Two Pin Holes,26
1,991451-1,111,57518,72,60,f,57518,Technic Link Tread Wide with Two Pin Holes,26
1,520-13,138,3022,47,40,f,3022,Plate 2 x 2,14
1,1141-1,147,4180c04,4,2,f,4180c04,"Wheels Train Spoked Small (23mm D.) and Black Brick, Modified 2 x 4 [Red]",29
1,702-3,158,141ac96,15,2,f,141ac96,Electric Wire 4.5V with Two Light Gray 2-Prong Type 1 Connectors [96 Studs Long],45
1,4559387-1,191,64783,72,2,f,64783,Arm Rock Monster Small,13
1,970600-1,209,32028,7,100,f,32028,Plate Special 1 x 2 with Door Rail,9
1,1136-1,211,4022,0,2,f,4022,Train Buffer Beam,36
1,1136-1,211,4023,0,2,f,4023,Train Coupling,39
1,1136-1,211,73092,0,2,f,73092,Magnet Cylindrical,39
1,1089-1,216,bfp001,9999,12,f,bfp001,"Basic Figure Finger Puppet Female [Red, Black Hair]",13
1,1089-1,216,bfp002,9999,12,f,bfp002,"Basic Figure Finger Puppet Male [Blue, Brown Hair]",13
1,31-2,274,3651,7,5,f,3651,Technic Axle and Pin Connector,12
1,31-2,274,3673,7,10,f,3673,Technic Pin without Friction Ridges Lengthwise,53
1,31-2,274,3713,7,5,f,3713,Technic Bush,54
1,3482-1,300,3008,4,25,f,3008,Brick 1 x 8,11
1,520-12,352,3022,4,40,f,3022,Plate 2 x 2,14
1,970630-1,356,2983,7,10,f,2983,Electric 9V Micromotor Pulley,45
1,970617-1,361,3708,0,50,f,3708,Technic Axle 12,46
1,970663-1,405,75215,7,5,f,75215,Pneumatic Switch with Top Studs,22
1,3494-1,410,3068b,4,100,f,3068b,Tile 2 x 2 with Groove,19
1,710-6,424,4201,2,4,f,4201,Brick 8 x 8,11
1,710-6,424,4202,2,4,f,4202,Brick 4 x 12,11
1,710-6,424,4204,2,2,f,4204,Brick 8 x 16,11
1,41040-9,509,3022,484,2,f,3022,Plate 2 x 2,14
1,41040-9,509,3069b,29,2,f,3069b,Tile 1 x 2 with Groove,19
1,41040-9,509,4865b,29,2,f,4865b,Panel 1 x 2 x 1 [Rounded Corners],23
1,41040-9,509,59900,4,8,f,59900,Cone 1 x 1 [Top Groove],20
1,214.6-1,531,3081bc01,4,15,f,3081bc01,"Window 1 x 2 x 2 (old type) with Extended Lip and Hollow Studs, with Glass",16
1,B002-1,533,4215b,47,25,f,4215b,Panel 1 x 4 x 3 [Hollow Studs],23
1,3447-1,582,4215b,41,25,f,4215b,Panel 1 x 4 x 3 [Hollow Studs],23
1,B003-1,607,30179,4,5,f,30179,Door Frame 1 x 4 x 6 Type 1,16
1,B003-1,607,76041c03,0,5,f,76041c03,Door 1 x 4 x 6 with 3 Panes with Trans-Green Glass,16
1,3752-1,691,3009,6,50,f,3009,Brick 1 x 6,11
1,75056-3,743,41890,148,2,f,41890,"Arm Mechanical, Super Battle Droid",13
1,6313-1,776,2361p01,7,2,f,2361p01,Baseplate Road 32 x 32 7-Stud Crossroads with Road and Crosswalks Print,1
1,3316-17,781,6141,15,4,t,6141,Plate Round 1 x 1 with Solid Stud,21
1,3316-17,781,6141,15,4,f,6141,Plate Round 1 x 1 with Solid Stud,21
1,6320-1,805,612p01,2,2,f,612p01,Baseplate Road 32 x 32 8-Stud T Intersection with Road Print,1
1,918-white-2,806,3001a,15,21,f,3001a,Brick 2 x 4 without Cross Supports,11
1,991333-1,829,6575,72,25,f,6575,Technic Cam,26
1,280-1,871,3037,4,12,f,3037,Slope 45° 2 x 4,3
1,280-1,871,3041,4,2,f,3041,Slope 45° 2 x 4 Double,3
1,402-3,882,3404bc01,15,5,f,3404bc01,"Turntable 4 x 4 - Old Type Complete, Perfectly Round",18
1,3492-1,888,3068b,0,100,f,3068b,Tile 2 x 2 with Groove,19
1,501-3,957,x1446,1,7,f,x1446,Jumbo Brick 2 x 4,4
1,7600-23,959,2423,2,6,f,2423,Leaves 4 x 3,28
1,7600-23,959,6141,4,1,t,6141,Plate Round 1 x 1 with Solid Stud,21
1,7600-23,959,6141,4,6,f,6141,Plate Round 1 x 1 with Solid Stud,21
1,520-2,975,3022,1,40,f,3022,Plate 2 x 2,14
1,5109-1,1004,4697a,7,4,f,4697a,Pneumatic T-Piece (T Bar) [Old Style],22
1,1240-1,1006,3830,7,4,f,3830,Hinge Brick 1 x 4 [Upper],18
1,1240-1,1006,3831,7,4,f,3831,Hinge Brick 1 x 4 [Lower],18
1,1240-1,1006,3937,7,4,f,3937,Hinge Brick 1 x 2 Base,18
1,1240-1,1006,3938,7,4,f,3938,Hinge Brick 1 x 2 Top Plate Thin,18
1,5046-1,1012,2484c01,4,2,f,2484c01,"Vehicle, Sprung Wheels Holder 2 x 2",36
1,5046-1,1012,6014,15,4,f,6014,Wheel 11 x 12 [Undetermined Hole Type],29
1,5046-1,1012,6015,0,4,f,6015,Tyre 21 x 12 with Offset Tread Small Wide,29
1,798-1,1049,10b,2,2,f,10b,Baseplate 24 x 32 with Rounded Corners,1
1,3463-1,1063,3007,0,25,f,3007,Brick 2 x 8,11
1,5227-1,1074,x165,47,8,f,x165,Electric Fibre Optics Cable,45
1,1220-2,1118,3065,14,26,f,3065,Brick 1 x 2 without Bottom Tube,11
1,1220-2,1118,3065,15,26,f,3065,Brick 1 x 2 without Bottom Tube,11
1,1220-2,1118,3065,4,26,f,3065,Brick 1 x 2 without Bottom Tube,11
1,1220-2,1118,3065,1,26,f,3065,Brick 1 x 2 without Bottom Tube,11
1,8867-1,1129,64022,72,64,f,64022,Train Track Flexible Segment,36
1,1343-1,1156,2723pr01,15,2,f,2723pr01,Technic Disk 3 x 3 with 4 Black Sections on One Side and 8 on Reverse Print [Speed Sensor],26
1,1343-1,1156,x1161cx1,0,2,f,x1161cx1,Electric Light Sensor 4.5V,45
1,3478-1,1173,3008,0,25,f,3008,Brick 1 x 8,11
1,970638-1,1177,3703,0,10,f,3703,Technic Brick 1 x 16 [15 Holes],8
1,7724-9,1202,2423,2,3,f,2423,Leaves 4 x 3,28
1,451-1,1216,604c01,15,6,f,604c01,Window 1 x 6 x 3 Panorama with Glass,16
1,451-1,1216,604c01,4,6,f,604c01,Window 1 x 6 x 3 Panorama with Glass,16
1,1169-1,1219,4092,0,2,f,4092,Tile Special 6 x 4 with Beveled Edges and 7mm Pin (Train Bogie Plate),15
1,5203-1,1245,32077,80,2,f,32077,Wheel 70 x 28 mm Futuristic,29
1,5203-1,1245,32078,0,2,f,32078,Tyre 70 x 28 Futuristic,29
1,5282-1,1261,2995,0,2,f,2995,Tyre 68.8 x 40 Balloon Large,29
1,5282-1,1261,2996,15,2,f,2996,Wheel 68.8 x 40 Balloon Large,29
1,970610-1,1267,4519,7,100,f,4519,Technic Axle 3,46
1,214.4-1,1271,453bc01,15,9,f,453bc01,Window 1 x 4 x 2 Classic with Long Sill [Complete],16
1,214.4-1,1271,453bc01,4,9,f,453bc01,Window 1 x 4 x 2 Classic with Long Sill [Complete],16
1,5237-1,1272,3703,0,4,f,3703,Technic Brick 1 x 16 [15 Holes],8
1,5237-1,1272,3895,0,4,f,3895,Technic Brick 1 x 12 [11 Holes],8
1,1216-1,1300,4168,7,4,f,4168,Support 1 x 16 Lattice (Train Signal Mast),34
1,1216-1,1300,4169,7,4,f,4169,Bracket 2 x 3 - 1 x 3 (Train Signal Stand),34
1,3738-1,1303,3471,2,10,f,3471,Pine Tree - Large 4 x 4 x 6 2/3,28
1,5067-1,1339,458,7,8,f,458,Tyre for Train Wheel for Electric Train Motor 12V,29
1,4924-6,1345,3004,1,2,f,3004,Brick 1 x 2,11
1,4924-6,1345,3004,73,4,f,3004,Brick 1 x 2,11
1,BAT8369-1,1346,45575,71,4,f,45575,"Technic, Spike Connector Pin Double 3L",12
1,5045-1,1354,2607,4,3,f,2607,Magnet Holder 2 x 3,39
1,5045-1,1354,2609,0,3,f,2609,Magnet Holder Tile 2 x 2 (Undetermined Type),39
1,5045-1,1354,73092,0,6,f,73092,Magnet Cylindrical,39
1,3756-1,1377,3041,6,25,f,3041,Slope 45° 2 x 4 Double,3
1,9964-1,1483,2780,0,16,f,2780,Technic Pin with Friction Ridges Lengthwise and Center Slots,53
1,9964-1,1483,3673,7,32,f,3673,Technic Pin without Friction Ridges Lengthwise,53
1,9964-1,1483,3749,7,8,f,3749,Technic Axle Pin without Friction Ridges Lengthwise,53
1,9964-1,1483,4274,7,8,f,4274,Technic Pin 1/2,53
1,60024-4,1491,93160,15,1,t,93160,Dog Bone [Short],28
1,1216-2,1519,702,1,5,f,702,Brick 4 x 4 Corner,11
1,1216-2,1519,702,14,5,f,702,Brick 4 x 4 Corner,11
1,1216-2,1519,702,4,5,f,702,Brick 4 x 4 Corner,11
1,1216-2,1519,702,15,5,f,702,Brick 4 x 4 Corner,11
1,F6316-1,1522,3957a,4,25,f,3957a,Antenna 1 x 4 with Rounded Top,32
1,F6316-1,1522,3957a,0,25,f,3957a,Antenna 1 x 4 with Rounded Top,32
1,F6316-1,1522,4495a,14,25,f,4495a,Flag 4 x 1 Wave [First Wave Left],38
1,F6316-1,1522,4495a,1,25,f,4495a,Flag 4 x 1 Wave [First Wave Left],38
1,1132-1,1530,3937,7,4,f,3937,Hinge Brick 1 x 2 Base,18
1,1132-1,1530,3938,7,4,f,3938,Hinge Brick 1 x 2 Top Plate Thin,18
1,1131-1,1535,3482,7,2,f,3482,Wheel with Split Axle hole,29
1,1131-1,1535,3634,0,2,f,3634,Tire 17 x 43,29
1,5265-1,1554,3482,7,8,f,3482,Wheel with Split Axle hole,29
1,5265-1,1554,3483,0,4,f,3483,Tire Offset Tread,29
1,5265-1,1554,3634,0,4,f,3634,Tire 17 x 43,29
1,3469-1,1598,3010,7,50,f,3010,Brick 1 x 4,11
1,520-6,1613,3022,47,40,f,3022,Plate 2 x 2,14
1,5281-1,1631,6581,0,2,f,6581,Tyre 20 x 30 Balloon Medium,29
1,5281-1,1631,6582,15,2,f,6582,Wheel 20 x 30 Balloon Medium,29
1,482-4,1641,3039,1,18,f,3039,Slope 45° 2 x 2,3
1,482-4,1641,3043,1,4,f,3043,Slope 45° 2 x 2 Double,3
1,3473-1,1682,3009,0,50,f,3009,Brick 1 x 6,11
1,991369-1,1708,57518,72,100,f,57518,Technic Link Tread Wide with Two Pin Holes,26
1,991369-1,1708,57520,0,10,f,57520,Technic Tread Sprocket Wheel Small,29
1,1317-1,1720,3711a,0,350,f,3711a,Technic Chain Link,26
1,3730-1,1737,3001,19,50,f,3001,Brick 2 x 4,11
1,9962-1,1743,2431,4,4,f,2431,Tile 1 x 4 with Groove,19
1,9962-1,1743,3068b,4,2,f,3068b,Tile 2 x 2 with Groove,19
1,9962-1,1743,3069b,4,4,f,3069b,Tile 1 x 2 with Groove,19
1,9962-1,1743,4162,4,2,f,4162,Tile 1 x 8 with Groove,19
1,980-1,1750,3037,4,12,f,3037,Slope 45° 2 x 4,3
1,980-1,1750,3039,4,6,f,3039,Slope 45° 2 x 2,3
1,980-1,1750,3041,4,3,f,3041,Slope 45° 2 x 4 Double,3
1,980-1,1750,3043,4,2,f,3043,Slope 45° 2 x 2 Double,3
1,456-2,1757,3081bc01,4,15,f,3081bc01,"Window 1 x 2 x 2 (old type) with Extended Lip and Hollow Studs, with Glass",16
1,456-2,1757,3081bc01,15,15,f,3081bc01,"Window 1 x 2 x 2 (old type) with Extended Lip and Hollow Studs, with Glass",16
1,5069-1,1758,266bc01,15,2,f,266bc01,Electric Lightbrick  2 x  2 Type 2 12V with Clear Diffusor,45
1,518-15,1778,3020,14,24,f,3020,Plate 2 x 4,14
1,970637-1,1797,3895,0,10,f,3895,Technic Brick 1 x 12 [11 Holes],8
1,520-9,1831,3022,0,40,f,3022,Plate 2 x 2,14
1,5064-1,1838,458,0,4,f,458,Tyre for Train Wheel for Electric Train Motor 12V,29
1,5064-1,1838,wheel2a,4,4,f,wheel2a,Train Wheel Spoked for Motor,29
1,519-13,1845,3021,47,30,f,3021,Plate 2 x 3,14
1,521-13,1852,3023a,47,50,f,3023a,Plate 1 x 2 [Old Style Bottom],14
1,521-13,1852,3024,47,30,f,3024,Plate 1 x 1,14
1,970639-1,1854,2654,0,50,f,2654,Plate Round 2 x 2 with Rounded Bottom [Boat Stud],21
1,701-3,1887,3149c01,0,4,f,3149c01,Hinge Plate 2 x 5 [Complete Assembly],18
1,701-3,1887,3324c01,0,2,f,3324c01,Hinge Plate 2 x 9 [Complete Assembly],18
1,7323-1,1898,30377,3,2,f,30377,Arm Mechanical [Battle Droid],13
1,75023-2,1900,30362,15,2,f,30362,Leg Mechanical - Droid with Technic Pin,13
1,520-15,1904,3022,14,40,f,3022,Plate 2 x 2,14
1,462-2,1921,3034,15,16,f,3034,Plate 2 x 8,14
1,902-1,1933,3404ac01,15,5,f,3404ac01,Turntable 4 x 4 - Old Type Complete - Faceted,18
1,5240-1,1945,3482,7,6,f,3482,Wheel with Split Axle hole,29
1,5240-1,1945,3483,0,4,f,3483,Tire Offset Tread,29
1,5240-1,1945,3634,0,2,f,3634,Tire 17 x 43,29
1,970115-1,1953,5306bc162,0,3,f,5306bc162,"Wire with Brick 2 x 2 x 2/3 Pair, 162 Studs Long",45
1,3485-1,1984,3020,4,100,f,3020,Plate 2 x 4,14
1,464-1,2017,3036,15,6,f,3036,Plate 6 x 8,14
1,3475-1,2033,3009,15,50,f,3009,Brick 1 x 6,11
1,991329-1,2035,44294,71,50,f,44294,Technic Axle 7,46
1,701-1,2065,3149c01,4,2,f,3149c01,Hinge Plate 2 x 5 [Complete Assembly],18
1,520-5,2070,3022,4,40,f,3022,Plate 2 x 2,14
1,1332-1,2132,3702,1,4,f,3702,Technic Brick 1 x 8 [7 Holes],8
1,1332-1,2132,3702,4,6,f,3702,Technic Brick 1 x 8 [7 Holes],8
1,1332-1,2132,3894,4,4,f,3894,Technic Brick 1 x 6 [5 Holes],8
1,1332-1,2132,3894,1,4,f,3894,Technic Brick 1 x 6 [5 Holes],8
1,1228-2,2135,712a,15,2,f,712a,Plate Round Curved 4 x 8 Left with Waffle Bottom,21
1,1228-2,2135,713a,15,2,f,713a,Plate Round Curved 4 x 8 Right with Waffle Bottom,21
1,3508-1,2167,2493b,0,10,f,2493b,Window 1 x 4 x 5 with Hollow Studs,16
1,3508-1,2167,2494,41,10,f,2494,Glass for Window 1 x 4 x 5,16
1,5004-1,2175,4234,4,2,f,4234,Motor Wind-Up 4 x 10 x 3 Key,44
1,1221-1,2196,3703,14,4,f,3703,Technic Brick 1 x 16 [15 Holes],8
1,1221-1,2196,3895,14,4,f,3895,Technic Brick 1 x 12 [11 Holes],8
1,1322-1,2251,2815,0,12,f,2815,Technic Wedge Belt Wheel Tire,29
1,1322-1,2251,3736,7,4,f,3736,"Technic, Steering Pulley Large",25
1,1322-1,2251,4185,7,16,f,4185,Technic Wedge Belt Wheel [aka Pulley],29
1,5065-1,2259,766c01,7,8,f,766c01,Electric Connector - 2 Way Male Squared Narrow Long - Complete Assembly,45
1,3472-1,2275,3010,4,50,f,3010,Brick 1 x 4,11
1,2159-1,2279,73092,0,6,f,73092,Magnet Cylindrical,39
1,2159-1,2279,74746,72,2,f,74746,Train Track  9V Straight,36
1,2159-1,2279,74747,72,16,f,74747,Train Track  9V Curved,36
1,156-2,2292,3034,15,9,f,3034,Plate 2 x 8,14
1,156-2,2292,3228a,1,16,f,3228a,Train Track Tapered Rail Straight 16L,36
1,1105-1,2379,498,0,2,f,498,Technic Tread Crawler,29
1,9892-1,2395,6007,8,2,f,6007,Brick Separator v1.0,56
1,518-14,2419,3020,15,24,f,3020,Plate 2 x 4,14
1,9971-1,2444,3707,0,8,f,3707,Technic Axle 8,46
1,9971-1,2444,3708,0,8,f,3708,Technic Axle 12,46
1,9971-1,2444,3737,0,8,f,3737,Technic Axle 10,46
1,9898-1,2454,5306bc378,0,2,f,5306bc378,"Electric, Wire with Brick 2 x 2 x 2/3 Pair, 378 Studs Long",45
1,3460-1,2495,3001,15,50,f,3001,Brick 2 x 4,11
1,459-1,2509,3087bc01,15,20,f,3087bc01,Window 1 x 1 x 1 Classic with Long Sill [Complete],16
1,459-1,2509,3087bc01,4,20,f,3087bc01,Window 1 x 1 x 1 Classic with Long Sill [Complete],16
1,1333-1,2515,3703,1,8,f,3703,Technic Brick 1 x 16 [15 Holes],8
1,1333-1,2515,3703,4,4,f,3703,Technic Brick 1 x 16 [15 Holes],8
1,1333-1,2515,3895,4,4,f,3895,Technic Brick 1 x 12 [11 Holes],8
1,1333-1,2515,3895,1,4,f,3895,Technic Brick 1 x 12 [11 Holes],8
1,9965-1,2530,3647,7,10,f,3647,Technic Gear 8 Tooth,52
1,9965-1,2530,4019,7,8,f,4019,Technic Gear 16 Tooth with Round Holes [Old Style],52
1,970627-1,2553,3649,7,25,f,3649,Technic Gear 40 Tooth,52
1,3455-1,2592,3003,15,100,f,3003,Brick 2 x 2,11
1,970612-1,2699,3705,0,50,f,3705,Technic Axle 4,46
1,970018-1,2710,4185,71,50,f,4185,Technic Wedge Belt Wheel [aka Pulley],29
1,4659597-1,2737,3062b,322,2,f,3062b,Brick Round 1 x 1 Open Stud,20
1,4659597-1,2737,3062b,27,2,f,3062b,Brick Round 1 x 1 Open Stud,20
1,970117-1,2809,2797c02,14,2,f,2797c02,Pneumatic Pump New Style with Black Top,22
1,7574-5,2833,45463,236,2,f,45463,Clikits Icon - Small Star with Pin,48
1,7574-5,2833,46286,236,2,f,46286,Clikits Icon - Small Star with Hole [Polished],48
1,7574-5,2833,clikits004,230,2,f,clikits004,"Clikits Icon, Flower 10 Petals 2 x 2 Small with Pin",48
1,7574-5,2833,clikits005,230,2,f,clikits005,"Clikits Icon, Flower 10 Petals 2 x 2 Small with Hole",48
1,73129-1,2834,73129,7,4,f,73129,Technic Shock Absorber 6.5L with Normal Spring,25
1,214.10-1,2848,32bc01,4,13,f,32bc01,Door 1 x 2 x 3 Left [Old Style with Glass],16
1,214.10-1,2848,32bc01,15,13,f,32bc01,Door 1 x 2 x 3 Left [Old Style with Glass],16
1,10115-1,2854,3794a,15,20,f,3794a,Plate Special 1 x 2 with 1 Stud without Groove (Jumper),9
1,10115-1,2854,3794a,7,20,f,3794a,Plate Special 1 x 2 with 1 Stud without Groove (Jumper),9
1,10115-1,2854,3794a,0,20,f,3794a,Plate Special 1 x 2 with 1 Stud without Groove (Jumper),9
1,10115-1,2854,3794a,8,20,f,3794a,Plate Special 1 x 2 with 1 Stud without Groove (Jumper),9
1,5244-1,2865,3873,0,54,f,3873,Technic Link Tread,26
1,970620-1,2874,3647,7,100,f,3647,Technic Gear 8 Tooth,52
1,502-2,2879,x1446,14,2,f,x1446,Jumbo Brick 2 x 4,4
1,502-2,2879,x1446,15,2,f,x1446,Jumbo Brick 2 x 4,4
1,502-2,2879,x1446,4,2,f,x1446,Jumbo Brick 2 x 4,4
1,502-2,2879,x1446,1,2,f,x1446,Jumbo Brick 2 x 4,4
1,521-9,2885,3023a,0,50,f,3023a,Plate 1 x 2 [Old Style Bottom],14
1,521-9,2885,3024,0,30,f,3024,Plate 1 x 1,14
1,60024-10,2893,30136,19,2,f,30136,Brick Special 1 x 2 Palisade [aka Log],5
1,454-2,2903,453bc01,15,9,f,453bc01,Window 1 x 4 x 2 Classic with Long Sill [Complete],16
1,454-2,2903,453bc01,4,9,f,453bc01,Window 1 x 4 x 2 Classic with Long Sill [Complete],16
1,3729-1,2910,3001,8,50,f,3001,Brick 2 x 4,11
1,1111-1,2941,458,0,8,f,458,Tyre for Train Wheel for Electric Train Motor 12V,29
1,10112-1,2956,6064,2,25,f,6064,Bush 2 x 2 x 4,28
1,1231-1,2969,3739,7,2,f,3739,Wheel 24 x 43 Technic,29
1,1231-1,2969,3740,0,2,f,3740,Tyre 24 x 43 Technic,29
1,280-2,2999,3037,1,12,f,3037,Slope 45° 2 x 4,3
1,280-2,2999,3041,1,2,f,3041,Slope 45° 2 x 4 Double,3
1,4524-25,3026,3004,2,2,f,3004,Brick 1 x 2,11
1,4524-25,3026,3004,4,4,f,3004,Brick 1 x 2,11
1,5061-1,3051,766c01,7,2,f,766c01,Electric Connector - 2 Way Male Squared Narrow Long - Complete Assembly,45
1,5061-1,3051,x466,7,2,f,x466,"Electric, Wire 12V / 4.5V with Two Leads [Undetermined Length]",45
1,5192-1,3063,3778,2,2,f,3778,"Plant, Tree Cypress",28
1,4466-1,3104,3623,0,2,f,3623,Plate 1 x 3,14
1,970645-1,3142,3711a,0,100,f,3711a,Technic Chain Link,26
1,5264-1,3154,2712,7,2,f,2712,Technic Plate Rotor 3 Blade with Toothed Ends and 3 Studs (Propeller),26
1,5264-1,3154,3749,7,21,f,3749,Technic Axle Pin without Friction Ridges Lengthwise,53
1,3466-1,3229,3007,2,25,f,3007,Brick 2 x 8,11
1,3449-1,3237,30179,0,5,f,30179,Door Frame 1 x 4 x 6 Type 1,16
1,3449-1,3237,76041c01,0,5,f,76041c01,Door 1 x 4 x 6 with 3 Panes with Trans-Light Blue Glass,16
1,9945-1,3241,3650c,7,4,f,3650c,Technic Gear 24 Tooth Crown with Reinforcements [New Style],52
1,9945-1,3241,6573,8,2,f,6573,"Technic Gear Differential, 24 -16 Teeth",52
1,9945-1,3241,6589,7,8,f,6589,Technic Gear 12 Tooth Bevel,52
1,1120-1,3248,3634,0,2,f,3634,Tire 17 x 43,29
1,1321-1,3252,3743,7,12,f,3743,Technic Gear Rack 1 x 4,52
1,1321-1,3252,4716,0,10,f,4716,Technic Worm Gear,52
1,4464-1,3369,4589,40,6,f,4589,Cone 1 x 1 [No Top Groove],20
1,3467-1,3391,3007,4,25,f,3007,Brick 2 x 8,11
1,5283-1,3430,6579,0,2,f,6579,Tyre 43.2 x 28 Balloon Small,29
1,5283-1,3430,6580,15,2,f,6580,Wheel 43.2 x 28 Balloon Small,29
1,9937-1,3461,3711a,0,3,t,3711a,Technic Chain Link,26
1,9937-1,3461,3711a,0,108,f,3711a,Technic Chain Link,26
1,970047-1,3491,2902,0,2,f,2902,Tyre 81.6 x 15 Motorcycle,29
1,970047-1,3491,2903,15,2,f,2903,Wheel 81.6 x 15 Motorcycle,29
1,970004-1,3500,85546,14,25,f,85546,Technic Rubber Belt 33mm,31
1,1316-1,3514,3673,7,150,f,3673,Technic Pin without Friction Ridges Lengthwise,53
1,970616-1,3563,3737,0,50,f,3737,Technic Axle 10,46
1,214.3-1,3567,646bc01,15,8,f,646bc01,Window 1 x 6 x 2 with Shutters [Old Style Extended Lip &amp; Glass],16
1,214.3-1,3567,646bc01,4,8,f,646bc01,Window 1 x 6 x 2 with Shutters [Old Style Extended Lip &amp; Glass],16
1,5073-1,3637,4171,47,2,f,4171,"Electric, Train Light Prism 1 x 3",45
1,5073-1,3637,6141,36,2,f,6141,Plate Round 1 x 1 with Solid Stud,21
1,5073-1,3637,6141,46,2,f,6141,Plate Round 1 x 1 with Solid Stud,21
1,1325-1,3639,3705,0,30,f,3705,Technic Axle 4,46
1,1325-1,3639,3706,0,24,f,3706,Technic Axle 6,46
1,1325-1,3639,3707,0,14,f,3707,Technic Axle 8,46
1,242-2,3655,777p03,15,5,f,777p03,"Flag on Flagpole, Wave with Denmark Print",38
1,700.C.4-1,3663,cwindow04,15,2,f,cwindow04,"Window 1 x 4 x 3, with Glass for Slotted Bricks",16
1,5202-1,3757,32009,1,4,f,32009,Technic Beam 1 x 11.5 Double Bent Thick,51
1,5202-1,3757,6629,4,4,f,6629,Technic Beam 1 x 9 Bent (6 - 4) Thick,51
1,11-3,3759,458,0,8,f,458,Tyre for Train Wheel for Electric Train Motor 12V,29
1,518-11,3760,3020,7,24,f,3020,Plate 2 x 4,14
1,5152-1,3762,3297,4,30,f,3297,Slope 33° 3 x 4,3
1,5152-1,3762,3298,4,14,f,3298,Slope 33° 3 x 2,3
1,5152-1,3762,3299,4,10,f,3299,Slope 33° 2 x 4 Double,3
1,5152-1,3762,3300,4,6,f,3300,Slope 33° 2 x 2 Double,3
1,3751-1,3803,3004,6,100,f,3004,Brick 1 x 2,11
1,480-7,3820,3037,1,12,f,3037,Slope 45° 2 x 4,3
1,480-7,3820,3039,1,6,f,3039,Slope 45° 2 x 2,3
1,480-7,3820,3041,1,3,f,3041,Slope 45° 2 x 4 Double,3
1,480-7,3820,3043,1,2,f,3043,Slope 45° 2 x 2 Double,3
1,281-1,3825,3038,4,8,f,3038,Slope 45° 2 x 3,3
1,281-1,3825,3040a,4,9,f,3040a,Slope 45° 2 x 1 - without Bottom Tube,3
1,281-1,3825,3042,4,2,f,3042,Slope 45° 2 x 3 Double,3
1,281-1,3825,3044a,4,2,f,3044a,Slope 45° 2 x 1 Double without Bottom Pin,3
1,970634-1,3853,3894,0,30,f,3894,Technic Brick 1 x 6 [5 Holes],8
1,10051-1,3857,3065,47,50,f,3065,Brick 1 x 2 without Bottom Tube,11
1,1339-1,3878,3652,7,4,f,3652,Technic Engine Piston Square 2 x 2 - Old,25
1,1339-1,3878,4032a,4,8,f,4032a,Plate Round 2 x 2 with Axle Hole Type 1 (+ Opening),21
1,1339-1,3878,9244,7,8,f,9244,Technic Universal Joint 4L [Complete Assembly],25
1,4286024-1,3887,45575,71,2,f,45575,"Technic, Spike Connector Pin Double 3L",12
1,4286024-1,3887,45799,71,4,f,45799,Technic Bush RC Car Wheel Flexible,29
1,6312-1,3895,80547pb01,7,2,f,80547pb01,Baseplate Road 32 x 32 7-Stud Straight with Road with White Sidelines Print,1
1,5187-1,3924,4216,4,14,f,4216,Brick Special 1 x 2 with Groove,5
1,5187-1,3924,4217,4,2,f,4217,Brick Special 1 x 14 Grooved,5
1,5187-1,3924,4218,47,9,f,4218,Garage Roller Door Section without Handle,16
1,10114-1,3926,3039,335,100,f,3039,Slope 45° 2 x 2,3
1,482-3,3944,3039,4,18,f,3039,Slope 45° 2 x 2,3
1,482-3,3944,3043,4,4,f,3043,Slope 45° 2 x 2 Double,3
1,3753-1,3960,3003,6,100,f,3003,Brick 2 x 2,11
1,3477-1,3982,3009,4,50,f,3009,Brick 1 x 6,11
1,918-blue-2,4039,3001a,1,21,f,3001a,Brick 2 x 4 without Cross Supports,11
1,1328-1,4065,3460,4,8,f,3460,Plate 1 x 8,14
1,1328-1,4065,3460,0,8,f,3460,Plate 1 x 8,14
1,1328-1,4065,3666,4,8,f,3666,Plate 1 x 6,14
1,1328-1,4065,3666,0,8,f,3666,Plate 1 x 6,14
1,B001-1,4087,2493b,0,10,f,2493b,Window 1 x 4 x 5 with Hollow Studs,16
1,B001-1,4087,2494,41,10,f,2494,Glass for Window 1 x 4 x 5,16
1,429-1,4115,3036,15,4,f,3036,Plate 6 x 8,14
1,5186-1,4144,3633,4,10,f,3633,Fence 1 x 4 x 1,32
1,991328-1,4145,32498,0,25,f,32498,Technic Gear 36 Tooth Double Bevel,52
1,1113-1,4162,3488,0,4,f,3488,Train Buffer Single,9
1,4459-1,4165,3022,15,2,f,3022,Plate 2 x 2,14
1,991452-1,4189,57519,25,10,f,57519,Technic Tread Sprocket Wheel Large,29
1,991452-1,4189,57520,0,12,f,57520,Technic Tread Sprocket Wheel Small,29
1,970618-1,4212,6538b,7,50,f,6538b,Technic Axle Connector Ridged [with x Hole x Orientation],12
1,401-3,4229,36,7,2,f,36,Tyre Smooth Old Style - Large,29
1,401-3,4229,7049a,15,2,f,7049a,"Brick, Modified 2 x 4 with Wheels Holder Old, Opaque Bottom",29
1,401-3,4229,715,4,2,f,715,Wheel Old with 12 Studs,29
1,5255-1,4265,3673,7,15,f,3673,Technic Pin without Friction Ridges Lengthwise,53
1,5255-1,4265,4459,0,15,f,4459,"Technic Pin with Friction Ridges Lengthwise, without Center Slots",53
1,5303-1,4302,2920,0,2,f,2920,Train Coupling New,39
1,5303-1,4302,4022,0,2,f,4022,Train Buffer Beam,36
1,5303-1,4302,73092,0,2,f,73092,Magnet Cylindrical,39
1,3471-1,4317,3010,2,50,f,3010,Brick 1 x 4,11
1,5044-1,4336,2617,7,2,f,2617,"Baseplate, Raised Platform 16 x 16 x 2 1/3",1
1,3711-1,4362,3004,1,2,f,3004,Brick 1 x 2,11
1,3468-1,4367,3010,0,50,f,3010,Brick 1 x 4,11
1,5068-1,4377,4023,0,2,f,4023,Train Coupling,39
1,5068-1,4377,73092,0,2,f,73092,Magnet Cylindrical,39
1,5300-1,4421,2871a,0,2,f,2871a,Train Motor Decorative Side with Closed Hub Points (for 9V Train Motor),36
1,1223-1,4428,3703,0,4,f,3703,Technic Brick 1 x 16 [15 Holes],8
1,1223-1,4428,3895,0,4,f,3895,Technic Brick 1 x 12 [11 Holes],8
1,3470-1,4453,3010,15,50,f,3010,Brick 1 x 4,11
1,41016-24,4509,11618,26,1,t,11618,"Friends Accessories Hair Decoration - Bow with Heart, Long Ribbon and Pin",27
1,5076-1,4525,3034,15,8,f,3034,Plate 2 x 8,14
1,7857-1,4529,767,8,4,f,767,Train Track Sleeper Plate 2 x 8 without Cable Grooves,9
1,991404-1,4564,48989,71,15,f,48989,Technic Pin Connector Hub Perpendicular 3L with 4 Pins,12
1,991404-1,4564,55615,71,15,f,55615,Technic Pin Connector Hub Perpendicular 3 x 3 Bent with 4 Pins,12
1,7574-25,4583,clikits004,15,2,f,clikits004,"Clikits Icon, Flower 10 Petals 2 x 2 Small with Pin",48
1,9-3,4611,735,1,2,f,735,"Magnet Coupling, Train, for Train Base",39
1,9-3,4611,735,4,2,f,735,"Magnet Coupling, Train, for Train Base",39
1,282-2,4622,3039,1,18,f,3039,Slope 45° 2 x 2,3
1,282-2,4622,3043,1,4,f,3043,Slope 45° 2 x 2 Double,3
1,9960-1,4634,2952,7,4,f,2952,Propeller 2 Blade 9 Diameter,35
1,9960-1,4634,6575,7,8,f,6575,Technic Cam,26
1,991331-2,4636,30648,0,8,f,30648,Tyre 24 x 14 Shallow Tread (Tread Small Hub),29
1,991331-2,4636,55981,71,8,f,55981,"Wheel 18 x 14 with Pin Hole, Fake Bolts and Shallow Spokes",29
1,6323-1,4678,611p01,2,2,f,611p01,Baseplate Road 32 x 32 8-Stud Crossroads with Road Print,1
1,970621-1,4693,6589,7,50,f,6589,Technic Gear 12 Tooth Bevel,52
1,9852-1,4700,3711a,0,175,f,3711a,Technic Chain Link,26
1,9852-1,4700,3873,0,54,f,3873,Technic Link Tread,26
1,5062-1,4723,3218,4,2,f,3218,Train Direction Switch - 4.5V 2 x 3,36
1,fruit3-1,4792,3001,1,3,f,3001,Brick 2 x 4,11
1,fruit3-1,4792,3003,1,2,f,3003,Brick 2 x 2,11
1,1267-1,4816,73129,7,4,f,73129,Technic Shock Absorber 6.5L with Normal Spring,25
1,427-1,4824,3034,15,8,f,3034,Plate 2 x 8,14
1,494-1,4827,3185,4,13,f,3185,Fence 1 x 4 x 2,32
1,494-1,4827,3186,4,2,f,3186,Fence Gate 1 x 4 x 2,32
1,494-1,4827,3187,4,2,f,3187,Fence Gate 1 x 4 x 2 Base,32
1,158-1,4838,3004,1,4,f,3004,Brick 1 x 2,11
1,970009-1,4861,3023,1,100,f,3023,Plate 1 x 2,14
1,4286784-1,4923,45575,71,2,f,45575,"Technic, Spike Connector Pin Double 3L",12
1,4286784-1,4923,45799,71,2,f,45799,Technic Bush RC Car Wheel Flexible,29
1,4286013-1,4947,45575,71,2,f,45575,"Technic, Spike Connector Pin Double 3L",12
1,4286013-1,4947,45799,71,4,f,45799,Technic Bush RC Car Wheel Flexible,29
1,6311-1,4958,2359p01,7,2,f,2359p01,Baseplate Road 32 x 32 7-Stud Curve with Road Print,1
1,1329-1,4965,3021,0,8,f,3021,Plate 2 x 3,14
1,1329-1,4965,3709,4,8,f,3709,Technic Plate 2 x 4 [3 Holes],9
1,1329-1,4965,3709,0,12,f,3709,Technic Plate 2 x 4 [3 Holes],9
1,901-2,5057,36,0,2,f,36,Tyre Smooth Old Style - Large,29
1,901-2,5057,7049b,15,2,f,7049b,"Brick, Modified 2 x 4 with Wheels Holder Old, Clear Bottom",29
1,901-2,5057,715,4,2,f,715,Wheel Old with 12 Studs,29
1,519-15,5071,3021,14,30,f,3021,Plate 2 x 3,14
1,1230-1,5109,3873,0,54,f,3873,Technic Link Tread,26
1,970662-1,5115,3736,7,25,f,3736,"Technic, Steering Pulley Large",25
1,8-4,5145,737ac01,4,2,f,737ac01,Plate Special 2 x 4 with Train Coupler Open with Magnet Short Cylinder Red,39
1,8-4,5145,737ac02,4,2,f,737ac02,Plate Special 2 x 4 with Train Coupler Open with Magnet Short Cylinder Blue,39
1,10046-1,5150,2431,6,30,f,2431,Tile 1 x 4 with Groove,19
1,10046-1,5150,3069b,6,40,f,3069b,Tile 1 x 2 with Groove,19
1,10046-1,5150,6636,6,30,f,6636,Tile 1 x 6 with Groove,19
1,3480-1,5159,3008,15,25,f,3008,Brick 1 x 8,11
1,1171-1,5284,4773,33,2,f,4773,Light Bulb Cover 1 x 1 x 2/3,20
1,1171-1,5284,4773,36,2,f,4773,Light Bulb Cover 1 x 1 x 2/3,20
1,lmg007-1,5313,3023,2,2,f,3023,Plate 1 x 2,14
1,lmg007-1,5313,3623,2,6,f,3623,Plate 1 x 3,14
1,5246-1,5324,3739,7,2,f,3739,Wheel 24 x 43 Technic,29
1,5246-1,5324,3740,0,2,f,3740,Tyre 24 x 43 Technic,29
1,428-1,5391,3035,15,5,f,3035,Plate 4 x 8,14
1,9938-1,5401,3873,0,2,t,3873,Technic Link Tread,26
1,9938-1,5401,3873,0,36,f,3873,Technic Link Tread,26
1,10055-1,5409,4161,0,20,f,4161,Slope 33° 3 x 3,3
1,10055-1,5409,4286,0,30,f,4286,Slope 33° 3 x 1,3
1,1207-1,5412,3403c01,4,2,f,3403c01,"Turntable 4 x 4 Square Base with Top, Complete Assembly",18
1,520-8,5419,3022,14,40,f,3022,Plate 2 x 2,14
1,10113-1,5441,3778,2,5,f,3778,"Plant, Tree Cypress",28
1,5002941-1,5445,20252,148,4,f,20252,Bionicle Weapon Claw - Bent and Notched with Clip,41
1,3479-1,5452,3008,7,25,f,3008,Brick 1 x 8,11
1,480-4,5469,3037,4,12,f,3037,Slope 45° 2 x 4,3
1,480-4,5469,3041,4,2,f,3041,Slope 45° 2 x 4 Double,3
1,970113-1,5478,2346,0,4,f,2346,Tyre 30 x 10.5 Offset Tread,29
1,970113-1,5478,3483,0,2,f,3483,Tire Offset Tread,29
1,970113-1,5478,3634,0,2,f,3634,Tire 17 x 43,29
1,1219-2,5507,3003,15,20,f,3003,Brick 2 x 2,11
1,1219-2,5507,3003,14,20,f,3003,Brick 2 x 2,11
1,1219-2,5507,3003,1,20,f,3003,Brick 2 x 2,11
1,1219-2,5507,3003,4,20,f,3003,Brick 2 x 2,11
1,157-2,5526,3218,15,4,f,3218,Train Direction Switch - 4.5V 2 x 3,36
1,1137-1,5565,4023,0,2,f,4023,Train Coupling,39
1,1137-1,5565,73092,0,2,f,73092,Magnet Cylindrical,39
1,9961-1,5588,85543,15,4,f,85543,Rubber Belt Small [15mm ID] [Round Cross Section],31
1,9961-1,5588,85544,15,4,f,85544,Technic Rubber Belt 24mm,31
1,9961-1,5588,85545,15,4,f,85545,Technic Rubber Belt  Medium [26mm ID] [Round Cross Section],31
1,9961-1,5588,85546,15,4,f,85546,Technic Rubber Belt 33mm,31
1,233-1,5593,723,80,4,f,723,"HO Scale Accessory Lamp Post, Lattice Mast",50
1,980-2,5694,3037,1,12,f,3037,Slope 45° 2 x 4,3
1,980-2,5694,3039,1,6,f,3039,Slope 45° 2 x 2,3
1,980-2,5694,3041,1,3,f,3041,Slope 45° 2 x 4 Double,3
1,980-2,5694,3043,1,2,f,3043,Slope 45° 2 x 2 Double,3
1,1218-2,5732,3002a,15,15,f,3002a,Brick 2 x 3 without Cross Supports,11
1,1218-2,5732,3002a,1,15,f,3002a,Brick 2 x 3 without Cross Supports,11
1,1218-2,5732,3002a,4,15,f,3002a,Brick 2 x 3 without Cross Supports,11
1,1218-2,5732,3002a,14,15,f,3002a,Brick 2 x 3 without Cross Supports,11
1,970120-1,5778,85544,0,25,f,85544,Technic Rubber Belt 24mm,31
1,282-1,5830,3039,4,18,f,3039,Slope 45° 2 x 2,3
1,282-1,5830,3043,4,4,f,3043,Slope 45° 2 x 2 Double,3
1,8719-1,5860,54821,297,3,f,54821,Bionicle Zamor Sphere,41
1,8719-1,5860,54821,179,3,f,54821,Bionicle Zamor Sphere,41
1,8719-1,5860,54821,135,3,f,54821,Bionicle Zamor Sphere,41
1,3453-1,5865,3003,0,100,f,3003,Brick 2 x 2,11
1,8866-1,5866,3706,0,2,f,3706,Technic Axle 6,46
1,8866-1,5866,57999,0,4,f,57999,Train Wheel Spoked with Technic Axle Hole and Rubber Friction Band,29
1,5060-1,5872,2527,4,2,f,2527,Minifig Cannon Base 2 x 4,27
1,5060-1,5872,3062b,7,12,f,3062b,Brick Round 1 x 1 Open Stud,20
1,5060-1,5872,84943,8,2,f,84943,Minifig Cannon Shooting,27
1,10005-1,5882,3001,335,50,f,3001,Brick 2 x 4,11
1,5195-1,5914,3308,7,2,f,3308,Brick Arch 1 x 8 x 2,37
1,5195-1,5914,3455,7,2,f,3455,Brick Arch 1 x 6,37
1,5195-1,5914,4490,7,2,f,4490,Brick Arch 1 x 3,37
1,994-1,5927,3185,4,15,f,3185,Fence 1 x 4 x 2,32
1,994-1,5927,3186,4,2,f,3186,Fence Gate 1 x 4 x 2,32
1,994-1,5927,3187,4,2,f,3187,Fence Gate 1 x 4 x 2 Base,32
1,5070-1,5975,4180c01,0,2,f,4180c01,"Wheels Train Spoked Small (23mm D.) and Black Brick, Modified 2 x 4 [Black]",29
1,1135-3,6056,765c01,7,20,f,765c01,Electric Connector 1 Way Male Squared [Complete Assembly],45
1,5245-1,6074,4143,7,3,f,4143,Technic Gear 14 Tooth Bevel,52
1,519-9,6089,3021,0,30,f,3021,Plate 2 x 3,14
1,156-1,6111,trainsig2,1,2,f,trainsig2,Train Signal Circuit-Breaker Bar,36
1,156-1,6111,x489,1,2,f,x489,Train Signal Post,36
1,494-2,6140,3185,15,13,f,3185,Fence 1 x 4 x 2,32
1,494-2,6140,3186,15,2,f,3186,Fence Gate 1 x 4 x 2,32
1,494-2,6140,3187,15,2,f,3187,Fence Gate 1 x 4 x 2 Base,32
1,5260-1,6145,3651,7,10,f,3651,Technic Axle and Pin Connector,12
1,5260-1,6145,3652,7,2,f,3652,Technic Engine Piston Square 2 x 2 - Old,25
1,5260-1,6145,3713,7,20,f,3713,Technic Bush,54
1,5260-1,6145,3713,7,1,t,3713,Technic Bush,54
1,214.8-1,6149,27bc01,4,19,f,27bc01,"Window 1 x 2 x 1 (old type) with Extended Lip, with Glass",16
1,214.8-1,6149,27bc01,15,19,f,27bc01,"Window 1 x 2 x 1 (old type) with Extended Lip, with Glass",16
1,5002930-1,6186,6141,41,2,f,6141,Plate Round 1 x 1 with Solid Stud,21
1,5002930-1,6186,98138,45,2,f,98138,Tile Round 1 x 1,19
1,1342-1,6210,3068bp18,15,2,f,3068bp18,Tile 2 x 2 with Black Wide Arrow Print,10
1,1342-1,6210,3068bp18,4,2,f,3068bp18,Tile 2 x 2 with Black Wide Arrow Print,10
1,1342-1,6210,3068bp18,1,2,f,3068bp18,Tile 2 x 2 with Black Wide Arrow Print,10
1,708-3,6219,3940b,7,4,f,3940b,Support 2 x 2 x 2 Stand with Reach-Through Center Hole,34
1,708-3,6219,3956,7,4,f,3956,Bracket 2 x 2 - 2 x 2,9
1,970623-1,6227,32269,2,25,f,32269,Technic Gear 20 Tooth Double Bevel with Axle Hole Type 2 [X Opening],52
1,27-2,6235,429c02,0,2,f,429c02,Electric Train 12V Brick  2 x  4 Type 2 (Complete),45
1,5271-1,6237,2857,0,2,f,2857,Tyre 20 x 30 Solid Balloon,29
1,5271-1,6237,4266,15,2,f,4266,Wheel 20 x 30 Technic,29
1,5003-1,6239,265bc01,14,2,f,265bc01,Electric Lightbrick 2 x 2 Type 2 - 4.5V [Complete],45
1,3464-1,6261,3007,7,25,f,3007,Brick 2 x 8,11
1,214.5-1,6279,31bc01,4,12,f,31bc01,Window 1 x 3 x 2 Classic with Long Sill [Complete],16
1,214.5-1,6279,31bc01,15,12,f,31bc01,Window 1 x 3 x 2 Classic with Long Sill [Complete],16
1,7853-1,6294,767,8,4,f,767,Train Track Sleeper Plate 2 x 8 without Cable Grooves,9
1,155-1,6298,3034,15,4,f,3034,Plate 2 x 8,14
1,155-1,6298,3228a,1,8,f,3228a,Train Track Tapered Rail Straight 16L,36
1,19-2,6341,263,0,2,f,263,"Plate Special 1 x 2 with Steam Engine Cylinder, Flat Surfaces",36
1,19-2,6341,x515,14,2,f,x515,Train Steam Drive Rod,36
1,19-2,6341,x564,4,2,f,x564,Train Steam Drive Rod Holder,36
1,918-yellow-2,6345,3001a,14,21,f,3001a,Brick 2 x 4 without Cross Supports,11
1,10007-1,6349,3041,335,25,f,3041,Slope 45° 2 x 4 Double,3
1,1146-1,6356,502,7,4,f,502,Electric Train Motor 12V Connecting Rod,36
1,1146-1,6356,x461,0,2,f,x461,"Plate Special 1 x 2 with Steam Engine Cylinder, Round Surfaces",9
1,7996-1,6382,2866,14,2,f,2866,Train Ground Throw / Track Switch 9V,36
1,1109-1,6389,735,1,2,f,735,"Magnet Coupling, Train, for Train Base",39
1,1109-1,6389,735,4,2,f,735,"Magnet Coupling, Train, for Train Base",39
1,70012-1,6403,rb00168,0,20,f,rb00168,Rubber Band Medium (Square Cross Section) Thin Cut,31
1,812-2,6434,3297,4,30,f,3297,Slope 33° 3 x 4,3
1,812-2,6434,3298,4,14,f,3298,Slope 33° 3 x 2,3
1,812-2,6434,3299,4,10,f,3299,Slope 33° 2 x 4 Double,3
1,812-2,6434,3300,4,6,f,3300,Slope 33° 2 x 2 Double,3
1,7724-22,6440,3021,71,2,f,3021,Plate 2 x 3,14
1,7724-22,6440,3710,71,3,f,3710,Plate 1 x 4,14
1,7724-22,6440,4589,40,12,f,4589,Cone 1 x 1 [No Top Groove],20
1,7724-17,6466,2343,0,1,t,2343,Minifig Goblet,27
1,521-14,6467,3023a,15,50,f,3023a,Plate 1 x 2 [Old Style Bottom],14
1,521-14,6467,3024,15,30,f,3024,Plate 1 x 1,14
1,9999-1,6538,3011,14,2,f,3011,Brick 2 x 4,4
1,9999-1,6538,40666,14,2,f,40666,Plate 2 x 4,4
1,9999-1,6538,6394,14,2,f,6394,"Duplo, Brick 2 x 4 x 2 with 2 x 2 Cutout on Bottom",4
1,964-1,6563,3034,15,5,f,3034,Plate 2 x 8,14
1,964-1,6563,3035,15,3,f,3035,Plate 4 x 8,14
1,964-1,6563,3036,15,2,f,3036,Plate 6 x 8,14
1,970118-1,6583,47225,14,2,f,47225,Pneumatic Cylinder with 2 Inlets and Rounded End Medium (48mm),22
1,991118-1,6584,5306bc162,0,2,f,5306bc162,"Wire with Brick 2 x 2 x 2/3 Pair, 162 Studs Long",45
1,970041-1,6675,5306bc020,0,3,f,5306bc020,"Electric, Wire with Brick 2 x 2 x 2/3 Pair, 20 Studs Long",45
1,452-2,6718,645bc01,15,8,f,645bc01,Window 1 x 6 x 2 [Old Style Extended Lip &amp; Glass],16
1,452-2,6718,645bc01,4,8,f,645bc01,Window 1 x 6 x 2 [Old Style Extended Lip &amp; Glass],16
1,3708-1,6737,4342,19,2,f,4342,Bread,27
1,991336-1,6739,32062,4,100,f,32062,Technic Axle 2 Notched,46
1,970631-1,6747,32064b,2,50,f,32064b,Technic Brick 1 x 2 with Axle Hole Type 2 [X Opening],8
1,3456-1,6750,3003,2,100,f,3003,Brick 2 x 2,11
1,1217-2,6757,3001a,4,13,f,3001a,Brick 2 x 4 without Cross Supports,11
1,1217-2,6757,3001a,15,13,f,3001a,Brick 2 x 4 without Cross Supports,11
1,1217-2,6757,3001a,1,13,f,3001a,Brick 2 x 4 without Cross Supports,11
1,1217-2,6757,3001a,14,13,f,3001a,Brick 2 x 4 without Cross Supports,11
1,970643-1,6763,32012,1,25,f,32012,Technic Reel 3 x 2,31
1,Orlando-1,6833,3001,15,2,f,3001,Brick 2 x 4,11
1,970640-1,6907,32060,7,20,f,32060,Technic Gear Timing Wheel 8 Tooth,52
1,5256-1,6916,2736,7,4,f,2736,Technic Axle Towball,53
1,5256-1,6916,2738,1,4,f,2738,"Technic Steering Arm 6.5 x 2 with Towball Socket Squared, Un-Chamfered",25
1,5256-1,6916,32005a,0,2,f,32005a,Technic Link 1 x 6 without Stoppers,25
1,445A-1,6952,996bc01,1,4,f,996bc01,"Electric, Connector, 1 Way Male Rounded with Cross-Cut Pin (Banana Plug)",45
1,445A-1,6952,x466,15,2,f,x466,"Electric, Wire 12V / 4.5V with Two Leads [Undetermined Length]",45
1,417-3,6959,702,15,2,f,702,Brick 4 x 4 Corner,11
1,417-3,6959,702,14,2,f,702,Brick 4 x 4 Corner,11
1,417-3,6959,702,4,3,f,702,Brick 4 x 4 Corner,11
1,417-3,6959,702,1,3,f,702,Brick 4 x 4 Corner,11
1,518-9,6960,3020,0,24,f,3020,Plate 2 x 4,14
1,3714-1,6968,3004,14,4,f,3004,Brick 1 x 2,11
1,3488-1,6979,3666,4,50,f,3666,Plate 1 x 6,14
1,853345-1,6997,12708pr02,47,2,f,12708pr02,Hemisphere [Bauble Half] with White Snowflakes Print,20
1,853345-1,6997,3003,82,14,f,3003,Brick 2 x 2,11
1,853345-1,6997,3003,28,14,f,3003,Brick 2 x 2,11
1,853345-1,6997,3065,46,12,f,3065,Brick 1 x 2 without Bottom Tube,11
1,4648933-1,7022,92218,179,2,f,92218,"Hero Factory Weapon - Rubber Blade, Long",41
1,4648933-1,7022,92222,148,2,f,92222,Hero Factory Shield with Handle for Clip,41
1,4648933-1,7022,92235pat0002,0,2,f,92235pat0002,"Hero Factory Weapon - Witch Doctor Claw, Marbled Red Pattern",41
1,4659607-1,7026,53551,148,3,f,53551,Bionicle Chain Link Section,41
1,4659607-1,7026,98562,148,2,f,98562,Hero Factory Weapon - Handcuff,41
1,3481-1,7027,3008,2,25,f,3008,Brick 1 x 8,11
1,1324-1,7104,rb00167,0,40,f,rb00167,Rubber Band 15mm [Square Cross Section],31
1,1324-1,7104,rb00169,0,30,f,rb00169,Rubber Band Large [Square Cross Section],31
1,1324-1,7104,rb00170,0,30,f,rb00170,Rubber Band Medium (Square Cross Section),31
1,9864-1,7122,4204,2,3,f,4204,Brick 8 x 16,11
1,970017-1,7157,4143,7,100,f,4143,Technic Gear 14 Tooth Bevel,52
1,970613-1,7159,32073,7,50,f,32073,Technic Axle 5,46
1,4428-15,7167,4589,182,2,f,4589,Cone 1 x 1 [No Top Groove],20
1,4428-15,7167,6126b,182,2,f,6126b,Wave / Flame Rounded with Base Rim,27
1,10004-1,7182,3003,335,100,f,3003,Brick 2 x 2,11
1,3454-1,7200,3003,7,100,f,3003,Brick 2 x 2,11
1,673F-1,7220,45575,71,2,f,45575,"Technic, Spike Connector Pin Double 3L",12
1,673F-1,7220,45799,71,2,f,45799,Technic Bush RC Car Wheel Flexible,29
1,3736-1,7263,4181,1,5,f,4181,Door 1 x 4 x 5 Train Left,16
1,3736-1,7263,4182,1,5,f,4182,Door 1 x 4 x 5 Train Right,16
1,3736-1,7263,4183,47,10,f,4183,Glass for Train Door,16
1,1205-1,7276,4234,4,2,f,4234,Motor Wind-Up 4 x 10 x 3 Key,44
1,5269-1,7386,2825,7,6,f,2825,Technic Beam 1 x 4 Thin with Stud Connector,51
1,5269-1,7386,2905,7,2,f,2905,Technic Beam Triangle Thin [Type I],51
1,5269-1,7386,6536,7,2,f,6536,Technic Axle and Pin Connector Perpendicular,12
1,5269-1,7386,6575,7,2,f,6575,Technic Cam,26
1,5254-1,7389,3707,0,3,f,3707,Technic Axle 8,46
1,5254-1,7389,3708,0,3,f,3708,Technic Axle 12,46
1,5254-1,7389,3737,0,3,f,3737,Technic Axle 10,46
1,9742-1,7409,3001,0,12,f,3001,Brick 2 x 4,11
1,9742-1,7409,3001,4,36,f,3001,Brick 2 x 4,11
1,9742-1,7409,3004,15,24,f,3004,Brick 1 x 2,11
1,9742-1,7409,3749,71,2,f,3749,Technic Axle Pin without Friction Ridges Lengthwise,53
1,8529-1,7475,55805,0,4,f,55805,"Electric Connector Cable, Mindstorms NXT 35cm",45
1,8529-1,7475,55806,0,2,f,55806,"Electric Connector Cable, Mindstorms NXT 50cm",45
1,4428-11,7529,30028,0,4,f,30028,Tyre 14 x 9 Smooth Small Wide Slick,29
1,4428-11,7529,74967,15,4,f,74967,"Wheel 8 x 9 with Hole Notched for Wheels Holder Pin, Re-inforced Back",29
1,3486-1,7537,3666,0,50,f,3666,Plate 1 x 6,14
1,7851-1,7547,3229b,7,8,f,3229b,"Train, Track Slotted Rail Curved Outside",36
1,7851-1,7547,3230b,7,8,f,3230b,Train Track Slotted Rail Curved Inside,36
1,7851-1,7547,767,8,16,f,767,Train Track Sleeper Plate 2 x 8 without Cable Grooves,9
1,970622-1,7558,4019,7,50,f,4019,Technic Gear 16 Tooth with Round Holes [Old Style],52
1,520-4,7559,3022,7,40,f,3022,Plate 2 x 2,14
1,5188-1,7568,3823,47,2,f,3823,Windscreen 2 x 4 x 2,47
1,5188-1,7568,3829c01,4,2,f,3829c01,Vehicle Steering Stand 1 x 2 with Black Steering Wheel,36
1,5188-1,7568,4079,4,4,f,4079,Minifig Seat 2 x 2,36
1,5188-1,7568,4284,47,2,f,4284,Windscreen 2 x 4 x 2 Inverted,47
1,214.2-1,7589,645bc01,15,8,f,645bc01,Window 1 x 6 x 2 [Old Style Extended Lip &amp; Glass],16
1,214.2-1,7589,645bc01,4,8,f,645bc01,Window 1 x 6 x 2 [Old Style Extended Lip &amp; Glass],16
1,7958-14,7606,30362,0,2,f,30362,Leg Mechanical - Droid with Technic Pin,13
1,1197-2,7624,3650a,7,2,f,3650a,Technic Gear 24 Tooth Crown with Flat Teeth,52
1,1330-1,7673,3738,4,4,f,3738,Technic Plate 2 x 8 [7 Holes],9
1,1330-1,7673,3738,0,8,f,3738,Technic Plate 2 x 8 [7 Holes],9
1,1330-1,7673,3795,4,8,f,3795,Plate 2 x 6,14
1,403-3,7700,7049b,15,2,f,7049b,"Brick, Modified 2 x 4 with Wheels Holder Old, Clear Bottom",29
1,403-3,7700,737,4,3,f,737,Plate Special 2 x 4 with Train Coupler Closed for Hook,9
1,403-3,7700,737c01,4,3,f,737c01,Plate Special 2 x 4 with Train Coupler Closed with Hook,9
1,403-3,7700,wheel1a,4,4,f,wheel1a,"Train Wheel with 2 x 2 Stud Center, Traction Teeth",29
1,1260-2,7705,260pb01,0,24,f,260pb01,HO Scale VW Beetle [Short Version],50
1,8613-1,7767,43093,1,1,t,43093,Technic Axle Pin with Friction Ridges Lengthwise,53
1,3733-1,7780,4033,7,10,f,4033,Window 1 x 4 x 3 Train with All Studs Hollow,16
1,3733-1,7780,4034,47,10,f,4034,Glass for Train Window 1 x 4 x 3,16
1,5204-1,7788,76110c01,14,2,f,76110c01,"Technic Competition Arrow, Beam Shaft with Solid Black Rubber End",26
1,5204-1,7788,rb00167,0,4,f,rb00167,Rubber Band 15mm [Square Cross Section],31
1,5204-1,7788,rb00170,0,4,f,rb00170,Rubber Band Medium (Square Cross Section),31
1,5193-1,7789,4476b,0,6,f,4476b,Support 2 x 4 x 5 Stanchion Inclined [5mm wide posts],34
1,1139-1,7887,4023,0,2,f,4023,Train Coupling,39
1,1139-1,7887,73092,0,2,f,73092,Magnet Cylindrical,39
1,9854-1,7948,3743,7,10,f,3743,Technic Gear Rack 1 x 4,52
1,9854-1,7948,4716,7,12,f,4716,Technic Worm Gear,52
1,7574-11,7969,45449,13,4,f,45449,Clikits Icon - Large Heart with Pin,48
1,7574-11,7969,45463,112,4,f,45463,Clikits Icon - Small Star with Pin,48
1,2-1,7986,4266,7,2,f,4266,Wheel 20 x 30 Technic,29
1,2-1,7986,4267,0,2,f,4267,Tyre 20 x 30 Technic,29
1,3457-1,7988,3003,4,100,f,3003,Brick 2 x 2,11
1,5055-1,8028,2607,1,3,f,2607,Magnet Holder 2 x 3,39
1,5055-1,8028,2609,15,3,f,2609,Magnet Holder Tile 2 x 2 (Undetermined Type),39
1,5055-1,8028,73092,0,6,f,73092,Magnet Cylindrical,39
1,970112-1,8073,2994,15,4,f,2994,Wheel 30.4 x 14 VR,29
1,970112-1,8073,6578,0,4,f,6578,Tyre 30.4 x 14 VR,29
1,518-13,8110,3020,47,24,f,3020,Plate 2 x 4,14
1,520-11,8116,3022,7,40,f,3022,Plate 2 x 2,14
1,970602-1,8137,3713,7,100,f,3713,Technic Bush,54
1,7895-1,8151,2866,14,2,f,2866,Train Ground Throw / Track Switch 9V,36
1,7895-1,8151,53400,72,4,f,53400,"Train, Track Plastic (RC Trains) Curved",36
1,5250-1,8158,3703,14,4,f,3703,Technic Brick 1 x 16 [15 Holes],8
1,5250-1,8158,3895,14,4,f,3895,Technic Brick 1 x 12 [11 Holes],8
1,10050-1,8187,2486,7,4,f,2486,Bar 1 x 8 x 2,32
1,10050-1,8187,30055,7,6,f,30055,Fence Spindled 1 x 4 x 2 [2 Top Studs],32
1,10050-1,8187,3185,7,20,f,3185,Fence 1 x 4 x 2,32
1,10050-1,8187,6583,7,4,f,6583,Plate Special 1 x 6 with Train Wagon End Fence,32
1,670F-1,8206,45575,71,2,f,45575,"Technic, Spike Connector Pin Double 3L",12
1,670F-1,8206,45799,71,4,f,45799,Technic Bush RC Car Wheel Flexible,29
1,9966-1,8213,3648a,7,12,f,3648a,Technic Gear 24 Tooth [Old Style - Three axle holes],52
1,9966-1,8213,3649,7,4,f,3649,Technic Gear 40 Tooth,52
1,5291-1,8256,2825,7,6,f,2825,Technic Beam 1 x 4 Thin with Stud Connector,51
1,5291-1,8256,2905,7,2,f,2905,Technic Beam Triangle Thin [Type I],51
1,5291-1,8256,6536,7,2,f,6536,Technic Axle and Pin Connector Perpendicular,12
1,5291-1,8256,6632,7,2,f,6632,Technic Beam 1 x 3 Thin,51
1,3491-1,8277,3034,4,25,f,3034,Plate 2 x 8,14
1,1229-1,8296,3711a,0,70,f,3711a,Technic Chain Link,26
1,5077-1,8320,4510,0,4,f,4510,Plate Special 1 x 8 with Door Rail,9
1,5077-1,8320,4511,4,2,f,4511,Door Sliding - Type 1,16
1,302-2,8337,606p02,7,2,f,606p02,"Baseplate, Road 32 x 32 9-Stud Straight with Road and Crosswalk Print",1
1,1123-1,8353,3183a,14,3,f,3183a,"Plate Special 1 x 4 with Towball Socket, Long, 2 Slots",9
1,1123-1,8353,3184,14,3,f,3184,Plate Special 1 x 4 with Towball,9
1,970665-1,8371,9244,7,10,f,9244,Technic Universal Joint 4L [Complete Assembly],25
1,1107-1,8372,3218,4,2,f,3218,Train Direction Switch - 4.5V 2 x 3,36
1,5189-1,8415,4175,7,8,f,4175,Plate Special 1 x 2 with Ladder,9
1,5189-1,8415,4175,0,8,f,4175,Plate Special 1 x 2 with Ladder,9
1,970609-1,8428,32062,0,100,f,32062,Technic Axle 2 Notched,46
1,5252-1,8459,2909c03,0,2,f,2909c03,Technic Shock Absorber 9.5L with Soft Spring,25
1,10-3,8462,458,0,4,f,458,Tyre for Train Wheel for Electric Train Motor 12V,29
1,10-3,8462,wheel2a,4,4,f,wheel2a,Train Wheel Spoked for Motor,29
1,5274-1,8476,2346,0,4,f,2346,Tyre 30 x 10.5 Offset Tread,29
1,5274-1,8476,3482,15,8,f,3482,Wheel with Split Axle hole,29
1,5274-1,8476,3483,0,4,f,3483,Tire Offset Tread,29
1,9876-1,8489,2856c01,7,2,f,2856c01,Technic Turntable Large Type 1 [Complete Assembly],26
1,839-1,8493,3297,4,26,f,3297,Slope 33° 3 x 4,3
1,839-1,8493,3298,4,8,f,3298,Slope 33° 3 x 2,3
1,839-1,8493,3299,4,6,f,3299,Slope 33° 2 x 4 Double,3
1,839-1,8493,3300,4,2,f,3300,Slope 33° 2 x 2 Double,3
1,970005-1,8506,6035,15,2,f,6035,Electric Light Brick 1 x 2 with Single Side Light,45
1,5258-1,8544,3650,7,2,f,,,
1,5258-1,8544,3743,7,2,f,3743,Technic Gear Rack 1 x 4,52
1,5258-1,8544,4143,7,4,f,4143,Technic Gear 14 Tooth Bevel,52
1,5258-1,8544,4716,7,2,f,4716,Technic Worm Gear,52
1,480-6,8622,3037,4,12,f,3037,Slope 45° 2 x 4,3
1,480-6,8622,3039,4,6,f,3039,Slope 45° 2 x 2,3
1,480-6,8622,3041,4,3,f,3041,Slope 45° 2 x 4 Double,3
1,480-6,8622,3043,4,2,f,3043,Slope 45° 2 x 2 Double,3
1,5110-2,8655,2825,7,10,f,2825,Technic Beam 1 x 4 Thin with Stud Connector,51
1,5110-2,8655,3705b,0,2,f,3705b,Technic Axle 4 Threaded,46
1,5110-2,8655,3737b,0,2,f,3737b,Technic Axle 10 Threaded,46
1,5110-2,8655,4698,7,12,f,4698,Technic Axle Nut,46
1,970122-1,8671,85543,15,24,f,85543,Rubber Belt Small [15mm ID] [Round Cross Section],31
1,4924-13,8680,3004,4,2,f,3004,Brick 1 x 2,11
1,4924-13,8680,3004,2,4,f,3004,Brick 1 x 2,11
1,1142-1,8685,4180c01,0,2,f,4180c01,"Wheels Train Spoked Small (23mm D.) and Black Brick, Modified 2 x 4 [Black]",29
1,3496-1,8692,3039,4,100,f,3039,Slope 45° 2 x 2,3
1,HPG03-1,8717,62808,60,2,f,62808,Minifig Key,27
1,970021-1,8736,6581,0,4,f,6581,Tyre 20 x 30 Balloon Medium,29
1,970021-1,8736,6582,15,4,f,6582,Wheel 20 x 30 Balloon Medium,29
1,970636-1,8777,2730,0,20,f,2730,Technic Brick 1 x 10 [9 Holes],8
1,518-12,8780,3020,4,24,f,3020,Plate 2 x 4,14
1,520-7,8825,3022,15,40,f,3022,Plate 2 x 2,14
1,8626-1,8871,6558,0,3,f,6558,Technic Pin Long with Friction Ridges Lengthwise,53
1,8626-1,8871,78c06,297,2,f,78c06,"Hose, Ribbed 7mm D. 6L",30
1,8626-1,8871,78c16,297,2,f,78c16,"Hose, Ribbed 7mm D. 16L",30
1,521-12,8919,3023a,4,50,f,3023a,Plate 1 x 2 [Old Style Bottom],14
1,521-12,8919,3024,4,30,f,3024,Plate 1 x 1,14
1,521-11,8923,3023a,7,50,f,3023a,Plate 1 x 2 [Old Style Bottom],14
1,521-11,8923,3024,7,30,f,3024,Plate 1 x 1,14
1,7854-1,8933,3242,7,8,f,3242,"Train, Track 12V Conducting Rail Straight",45
1,88002-1,9014,3706,0,2,f,3706,Technic Axle 6,46
1,88002-1,9014,57999,0,4,f,57999,Train Wheel Spoked with Technic Axle Hole and Rubber Friction Band,29
1,9752-1,9018,3068b,14,2,f,3068b,Tile 2 x 2 with Groove,19
1,9752-1,9018,3068b,0,10,f,3068b,Tile 2 x 2 with Groove,19
1,3495-1,9037,3039,0,100,f,3039,Slope 45° 2 x 2,3
1,519-11,9044,3021,7,30,f,3021,Plate 2 x 3,14
1,1211-1,9057,3940b,0,4,f,3940b,Support 2 x 2 x 2 Stand with Reach-Through Center Hole,34
1,1211-1,9057,3956,15,4,f,3956,Bracket 2 x 2 - 2 x 2,9
1,9863-1,9064,73090a,4,4,f,73090a,Weight 2 x 6 x 2 with Bottom Openings and Center Seams on Ends,5
1,1314-1,9085,3713,7,60,f,3713,Technic Bush,54
1,1314-1,9085,4265a,7,150,f,4265a,Technic Bush 1/2 Toothed Type I [+ Opening],54
1,157-1,9098,3034,15,9,f,3034,Plate 2 x 8,14
1,970028-1,9145,76138,7,10,f,76138,Technic Shock Absorber 6.5L with Soft Spring,25
1,3727-1,9157,3004,19,100,f,3004,Brick 1 x 2,11
1,4470-1,9169,72824p01,15,2,f,72824p01,Minifig Soccer Ball with Black Pentagons Print,27
1,481-4,9170,3038,1,8,f,3038,Slope 45° 2 x 3,3
1,481-4,9170,3040a,1,9,f,3040a,Slope 45° 2 x 1 - without Bottom Tube,3
1,481-4,9170,3042,1,2,f,3042,Slope 45° 2 x 3 Double,3
1,481-4,9170,3044a,1,2,f,3044a,Slope 45° 2 x 1 Double without Bottom Pin,3
1,8530-1,9181,4519,0,1,t,4519,Technic Axle 3,46
1,519-14,9202,3021,15,30,f,3021,Plate 2 x 3,14
1,5000062-1,9216,30374,36,2,f,30374,Bar 4L (Lightsaber Blade / Wand),32
1,3498-1,9255,3037,4,50,f,3037,Slope 45° 2 x 4,3
1,520-14,9300,3022,15,40,f,3022,Plate 2 x 2,14
1,5117-1,9348,32123b,7,3,f,32123b,Technic Bush 1/2 Smooth with Axle Hole Semi-Reduced,54
1,5117-1,9348,4185,7,2,f,4185,Technic Wedge Belt Wheel [aka Pulley],29
1,229-1,9355,3036a,15,3,f,3036a,Plate 6 x 8 with Square Underside Studholes,14
1,1340-1,9357,3001,1,8,f,3001,Brick 2 x 4,11
1,1340-1,9357,3001,4,8,f,3001,Brick 2 x 4,11
1,1340-1,9357,73090a,4,2,f,73090a,Weight 2 x 6 x 2 with Bottom Openings and Center Seams on Ends,5
1,970608-1,9496,32002,8,100,f,32002,Technic Pin 3/4,53
1,455-2,9562,31bc01,4,12,f,31bc01,Window 1 x 3 x 2 Classic with Long Sill [Complete],16
1,455-2,9562,31bc01,15,12,f,31bc01,Window 1 x 3 x 2 Classic with Long Sill [Complete],16
1,851358-1,9590,12708pr02,47,2,f,12708pr02,Hemisphere [Bauble Half] with White Snowflakes Print,20
1,851358-1,9590,3003,15,19,f,3003,Brick 2 x 2,11
1,851358-1,9590,3005,41,14,f,3005,Brick 1 x 1,11
1,851358-1,9590,3065,47,27,f,3065,Brick 1 x 2 without Bottom Tube,11
1,5191-1,9591,4288,0,4,f,4288,Wheel Full Rubber Balloon with Axle hole,29
1,751-1,9595,3241b,1,8,f,3241b,Train Track 12V Conducting Rail Curved [No Cable Connection Holes],45
1,3458-1,9601,3001,0,50,f,3001,Brick 2 x 4,11
1,970604-1,9606,2780,0,100,f,2780,Technic Pin with Friction Ridges Lengthwise and Center Slots,53
1,5236-1,9648,3703,1,4,f,3703,Technic Brick 1 x 16 [15 Holes],8
1,5236-1,9648,3895,1,4,f,3895,Technic Brick 1 x 12 [11 Holes],8
1,852820-1,9675,3032,15,15,f,3032,Plate 4 x 6,14
1,402-2,9692,3035,15,2,f,3035,Plate 4 x 8,14
1,402-2,9692,3404bc01,15,3,f,3404bc01,"Turntable 4 x 4 - Old Type Complete, Perfectly Round",18
1,8580-1,9775,kraataund,0,3,f,kraataund,Bionicle Rahkshi Kraata - Undetermined Stage / Name,41
1,13-3,9791,3488,0,4,f,3488,Train Buffer Single,9
1,4124-25,9886,3004,4,4,f,3004,Brick 1 x 2,11
1,4124-25,9886,3004,2,2,f,3004,Brick 1 x 2,11
1,551-1,9906,608p01,7,2,f,608p01,Baseplate Road 32 x 32 9-Stud T Intersection with Road Print,1
1,1556-1,9919,3176,4,10,f,3176,Plate Special 3 x 2 with Hole,9
1,5074-1,9922,4092,0,2,f,4092,Tile Special 6 x 4 with Beveled Edges and 7mm Pin (Train Bogie Plate),15
1,5263-1,9934,4143,7,4,f,4143,Technic Gear 14 Tooth Bevel,52
1,3734-1,9989,4033,1,10,f,4033,Window 1 x 4 x 3 Train with All Studs Hollow,16
1,3734-1,9989,4034,47,10,f,4034,Glass for Train Window 1 x 4 x 3,16
1,4559385-1,10003,64783,72,2,f,64783,Arm Rock Monster Small,13
1,853344-1,10005,12708pr02,47,2,f,12708pr02,Hemisphere [Bauble Half] with White Snowflakes Print,20
1,853344-1,10005,3002,4,4,f,3002,Brick 2 x 3,11
1,853344-1,10005,3003,36,14,f,3003,Brick 2 x 2,11
1,853344-1,10005,3003,4,12,f,3003,Brick 2 x 2,11
1,5033-1,10018,4773,36,2,f,4773,Light Bulb Cover 1 x 1 x 2/3,20
1,5033-1,10018,4773,33,2,f,4773,Light Bulb Cover 1 x 1 x 2/3,20
1,3444-1,10029,3041,0,25,f,3041,Slope 45° 2 x 4 Double,3
1,5302-1,10067,4025,0,2,f,4025,Tile Special 6 x 4 with Beveled Edges and 5mm Pin (Train Bogie Plate),15
1,3507-1,10080,4215b,47,25,f,4215b,Panel 1 x 4 x 3 [Hollow Studs],23
1,5285-1,10097,2909c03,8,2,f,2909c03,Technic Shock Absorber 9.5L with Soft Spring,25
1,3489-1,10107,3034,0,25,f,3034,Plate 2 x 8,14
1,228-1,10119,3035a,15,4,f,3035a,Plate 4 x 8 with Waffle Bottom,14
1,3487-1,10125,3666,15,50,f,3666,Plate 1 x 6,14
1,4515-1,10132,74746,8,8,f,74746,Train Track  9V Straight,36
1,1320-1,10147,4143,7,30,f,4143,Technic Gear 14 Tooth Bevel,52
1,1320-1,10147,73071,7,2,f,73071,"Technic Gear Differential [Old Style, 28 Teeth]",52
1,3490-1,10203,3034,15,25,f,3034,Plate 2 x 8,14
1,1151-1,10214,429c02,0,2,f,429c02,Electric Train 12V Brick  2 x  4 Type 2 (Complete),45
1,3461-1,10219,3001,2,50,f,3001,Brick 2 x 4,11
1,5248-1,10222,4266,7,2,f,4266,Wheel 20 x 30 Technic,29
1,5248-1,10222,4267,0,2,f,4267,Tyre 20 x 30 Technic,29
1,521-10,10264,3023a,1,50,f,3023a,Plate 1 x 2 [Old Style Bottom],14
1,521-10,10264,3024,1,30,f,3024,Plate 1 x 1,14
1,1203-1,10289,3403,4,2,f,3403,Turntable 4 x 4 Square Base,18
1,1203-1,10289,3404,4,2,f,3404,Turntable 4 x 4 Top,18
1,1203-1,10289,3679,7,2,f,3679,Turntable 2 x 2 Plate - Top,18
1,1203-1,10289,3680,1,2,f,3680,"Turntable 2 x 2 Plate, Base",18
1,60063-16,10347,93160,15,1,t,93160,Dog Bone [Short],28
1,6310-1,10352,2360p01,7,2,f,2360p01,Baseplate Road 32 x 32 7-Stud T Intersection with Crosswalks Print,1
1,9968-1,10392,2815,0,8,f,2815,Technic Wedge Belt Wheel Tire,29
1,9968-1,10392,3736,7,2,f,3736,"Technic, Steering Pulley Large",25
1,9968-1,10392,4185,7,12,f,4185,Technic Wedge Belt Wheel [aka Pulley],29
1,519-12,10429,3021,4,30,f,3021,Plate 2 x 3,14
1,5280-1,10442,2825,7,6,f,2825,Technic Beam 1 x 4 Thin with Stud Connector,51
1,5280-1,10442,2905,7,2,f,2905,Technic Beam Triangle Thin [Type I],51
1,5280-1,10442,6536,7,2,f,6536,Technic Axle and Pin Connector Perpendicular,12
1,45514-1,10509,55805,0,2,f,55805,"Electric Connector Cable, Mindstorms NXT 35cm",45
1,40013-1,10590,3002,15,5,f,3002,Brick 2 x 3,11
1,40013-1,10590,3003,15,3,f,3003,Brick 2 x 2,11
1,40013-1,10590,3004,0,2,f,3004,Brick 1 x 2,11
1,40013-1,10590,3004,15,8,f,3004,Brick 1 x 2,11
1,5304-1,10618,2878c01,0,2,f,2878c01,"Train Wheel Pair, Complete Assembly",36
1,970121-1,10723,85544,4,25,f,85544,Technic Rubber Belt 24mm,31
1,970043-1,10740,32017,7,100,f,32017,Technic Beam 1 x 5 Thin,51
1,1209-1,10769,3185,4,6,f,3185,Fence 1 x 4 x 2,32
1,1209-1,10769,3186,4,2,f,3186,Fence Gate 1 x 4 x 2,32
1,1209-1,10769,3187,4,2,f,3187,Fence Gate 1 x 4 x 2 Base,32
1,1323-1,10798,3482,7,12,f,3482,Wheel with Split Axle hole,29
1,1323-1,10798,3483,0,8,f,3483,Tire Offset Tread,29
1,1323-1,10798,3634,0,4,f,3634,Tire 17 x 43,29
1,10047-1,10803,2339,7,24,f,2339,Brick Arch 1 x 5 x 4 [Continuous Bow],37
1,10047-1,10803,3710,7,12,f,3710,Plate 1 x 4,14
1,7896-1,10821,219,72,8,t,219,Train Track Plastic Connection/Stacking Pin for Track Storage,36
1,7896-1,10821,53400,72,8,f,53400,"Train, Track Plastic (RC Trains) Curved",36
1,7896-1,10821,53401,72,8,f,53401,"Train, Track Plastic (RC Trains) Straight",36
1,4428-5,10824,3004,19,3,f,3004,Brick 1 x 2,11
1,4428-5,10824,3023,70,3,f,3023,Plate 1 x 2,14
1,970628-1,10883,6536,7,50,f,6536,Technic Axle and Pin Connector Perpendicular,12
1,1226-1,10949,3482,7,6,f,3482,Wheel with Split Axle hole,29
1,1226-1,10949,3483,0,4,f,3483,Tire Offset Tread,29
1,1226-1,10949,3634,0,2,f,3634,Tire 17 x 43,29
1,991337-1,10964,32054,4,100,f,32054,Technic Pin Long with Friction Ridges Lengthwise and Stop Bush,53
1,1242-1,10967,3176,4,2,f,3176,Plate Special 3 x 2 with Hole,9
1,481-3,10987,3038,4,8,f,3038,Slope 45° 2 x 3,3
1,481-3,10987,3040a,4,9,f,3040a,Slope 45° 2 x 1 - without Bottom Tube,3
1,481-3,10987,3042,4,2,f,3042,Slope 45° 2 x 3 Double,3
1,481-3,10987,3044a,4,2,f,3044a,Slope 45° 2 x 1 Double without Bottom Pin,3
1,970614-1,11001,3706,0,50,f,3706,Technic Axle 6,46
1,12-3,11006,x946,0,2,f,x946,Train Brick  2 x  4 x  1.333 Sliding Wheel Block,36
1,453-1,11060,3947a,7,2,f,3947a,Baseplate Raised 32 x 32 Crater Plate without Crater Studs,1
1,503-2,11062,x1446,14,4,f,x1446,Jumbo Brick 2 x 4,4
1,503-2,11062,x1446,1,4,f,x1446,Jumbo Brick 2 x 4,4
1,503-2,11062,x1446,4,4,f,x1446,Jumbo Brick 2 x 4,4
1,503-2,11062,x1446,15,4,f,x1446,Jumbo Brick 2 x 4,4
1,214.7-1,11067,29bc01,4,19,f,29bc01,"Window 1 x 1 x 2 (old type) with Extended Lip, with Glass",16
1,214.7-1,11067,29bc01,15,19,f,29bc01,"Window 1 x 1 x 2 (old type) with Extended Lip, with Glass",16
1,9636-1,11093,5306bc378,0,2,f,5306bc378,"Electric, Wire with Brick 2 x 2 x 2/3 Pair, 378 Studs Long",45
1,553-1,11112,606p02,7,2,f,606p02,"Baseplate, Road 32 x 32 9-Stud Straight with Road and Crosswalk Print",1
1,10045-1,11168,30517,0,6,f,30517,"Support 2 x 2 x 10 Girder Triangular Vertical - Type 1 - Solid Top, 3 Posts",34
1,10045-1,11168,30518,0,4,f,30518,Support 2 x 16 x 2 Girder Triangular Horizontal,34
1,10045-1,11168,3832,8,3,f,3832,Plate 2 x 10,14
1,3726-1,11189,3004,8,100,f,3004,Brick 1 x 2,11
1,1242D-1,11195,777p03,15,5,f,777p03,"Flag on Flagpole, Wave with Denmark Print",38
1,3445-1,11198,3041,4,25,f,3041,Slope 45° 2 x 4 Double,3
1,4073-1,11208,2339,6,2,f,2339,Brick Arch 1 x 5 x 4 [Continuous Bow],37
1,4073-1,11208,30239,2,2,f,30239,Leaves 6 x 5 Swordleaf [Clip],28
1,970601-1,11238,32123b,7,100,f,32123b,Technic Bush 1/2 Smooth with Axle Hole Semi-Reduced,54
1,1327-1,11291,3623,4,12,f,3623,Plate 1 x 3,14
1,1327-1,11291,3623,0,12,f,3623,Plate 1 x 3,14
1,1327-1,11291,3710,4,12,f,3710,Plate 1 x 4,14
1,1327-1,11291,3710,0,12,f,3710,Plate 1 x 4,14
1,5167-1,11301,3830,7,4,f,3830,Hinge Brick 1 x 4 [Upper],18
1,5167-1,11301,3831,7,4,f,3831,Hinge Brick 1 x 4 [Lower],18
1,5167-1,11301,3937,7,4,f,3937,Hinge Brick 1 x 2 Base,18
1,5167-1,11301,3938,7,4,f,3938,Hinge Brick 1 x 2 Top Plate Thin,18
1,403-2,11351,7049b,15,2,f,7049b,"Brick, Modified 2 x 4 with Wheels Holder Old, Clear Bottom",29
1,403-2,11351,737,4,3,f,737,Plate Special 2 x 4 with Train Coupler Closed for Hook,9
1,403-2,11351,737c01,4,3,f,737c01,Plate Special 2 x 4 with Train Coupler Closed with Hook,9
1,403-2,11351,wheel1a,4,4,f,wheel1a,"Train Wheel with 2 x 2 Stud Center, Traction Teeth",29
1,10161-1,11400,3037,0,20,f,3037,Slope 45° 2 x 4,3
1,10161-1,11400,3038,0,12,f,3038,Slope 45° 2 x 3,3
1,10161-1,11400,3039,0,32,f,3039,Slope 45° 2 x 2,3
1,10161-1,11400,3040b,0,12,f,3040b,Slope 45° 2 x 1 with Bottom Pin,3
1,9861-1,11409,766c28,7,4,f,766c28,"Electric, Wire 12V / 4.5V with two 2-prong connectors, 28 Studs Long",45
1,9861-1,11409,766c96,7,4,f,766c96,Wire 12V / 4.5V [Two 2-Prong Connectors / 96 Studs Long],45
1,7575-25,11428,45462,118,2,f,45462,Clikits Icon - Large Star with Pin,48
1,7575-25,11428,45463,15,2,f,45463,Clikits Icon - Small Star with Pin,48
1,970635-1,11453,3702,0,20,f,3702,Technic Brick 1 x 8 [7 Holes],8
1,756-1,11464,3034,15,4,f,3034,Plate 2 x 8,14
1,7855-1,11519,3241,7,8,f,3241,Train Track 12V Conducting Rail Curved,45
1,970626-1,11540,76019,15,10,f,76019,Technic Gear 24 Tooth Clutch with Dark Gray or Light Gray Center,52
1,5161-1,11569,3660,4,10,f,3660,"Slope Inverted 45° 2 x 2 [Ovoid Bottom Pin, Bar-sized Stud Holes]",3
1,5161-1,11569,3665,4,6,f,3665,Slope Inverted 45° 2 x 1,3
1,229.1-1,11583,3034a,15,8,f,3034a,Plate 2 x 8 with Waffle Bottom,14
1,991330-1,11606,50163,72,2,f,50163,"Technic Turntable Large Type 2, Complete Assembly with Black Outside Gear Section (26/56 Teeth)",26
1,3459-1,11612,3001,7,50,f,3001,Brick 2 x 4,11
1,918-black-2,11691,3001a,0,21,f,3001a,Brick 2 x 4 without Cross Supports,11
1,1149-2,11703,3873,0,52,f,3873,Technic Link Tread,26
1,60024-8,11705,30136,19,2,f,30136,Brick Special 1 x 2 Palisade [aka Log],5
1,60024-8,11705,3710,19,4,f,3710,Plate 1 x 4,14
1,60024-8,11705,6636,70,2,f,6636,Tile 1 x 6 with Groove,19
1,300-1,11719,608p01,7,2,f,608p01,Baseplate Road 32 x 32 9-Stud T Intersection with Road Print,1
1,3754-1,11720,3001,6,50,f,3001,Brick 2 x 4,11
1,5270-1,11765,2695,15,2,f,2695,Wheel 30 x 13 Model Team,29
1,5270-1,11765,2696,0,2,f,2696,Tyre 13 x 24 Model Team,29
1,60063-15,11832,3710,4,2,f,3710,Plate 1 x 4,14
1,60063-15,11832,3839b,72,2,f,3839b,Plate Special 1 x 2 with Handles [Flat Ends / Low Attachment],9
1,60063-15,11832,85984,14,2,f,85984,Slope 30° 1 x 2 x 2/3,3
1,552-1,11836,609p01,7,2,f,609p01,Baseplate Road 32 x 32 9-Stud Curve with Road Print,1
1,7952-19,11853,37,72,1,t,37,Minifig Knife,27
1,1331-1,11868,3700,1,24,f,3700,Technic Brick 1 x 2 [1 Hole],8
1,1331-1,11868,3700,4,24,f,3700,Technic Brick 1 x 2 [1 Hole],8
1,1331-1,11868,3701,4,16,f,3701,Technic Brick 1 x 4 [3 Holes],8
1,1331-1,11868,3701,1,24,f,3701,Technic Brick 1 x 4 [3 Holes],8
1,1315-1,11883,3651,7,50,f,3651,Technic Axle and Pin Connector,12
1,463-1,11915,3035,15,8,f,3035,Plate 4 x 8,14
1,853346-1,11934,12708pr02,47,2,f,12708pr02,Hemisphere [Bauble Half] with White Snowflakes Print,20
1,853346-1,11934,3002,2,5,f,3002,Brick 2 x 3,11
1,853346-1,11934,3003,2,15,f,3003,Brick 2 x 2,11
1,853346-1,11934,3065,34,16,f,3065,Brick 1 x 2 without Bottom Tube,11
1,3755-1,11954,3037,6,50,f,3037,Slope 45° 2 x 4,3
1,380-1,11966,gtpine,2,3,f,gtpine,Plant - Granulated Pine Tree,28
1,970629-1,11980,32039,7,50,f,32039,Technic Axle Connector with Axle Hole,12
1,970619-1,11981,6553,7,50,f,6553,Axle 1.5 with Perpendicular Axle Connector (Technic Pole Reverser Handle),12
1,3465-1,12009,3007,15,25,f,3007,Brick 2 x 8,11
1,8515-1,12022,32439a,9999,4,f,32439a,"Technic Disc 5 x 5 Notched, Without Pin",26
1,5278-1,12029,3711a,0,35,f,3711a,Technic Chain Link,26
1,Minneapolis-1,12039,3001,4,2,f,3001,Brick 2 x 4,11
1,Minneapolis-1,12039,3001,1,2,f,3001,Brick 2 x 4,11
1,Minneapolis-1,12039,3001,15,2,f,3001,Brick 2 x 4,11
1,9279-2,12049,4204,2,3,f,4204,Brick 8 x 16,11
1,9279-2,12049,4204,72,3,f,4204,Brick 8 x 16,11
1,9279-2,12049,4204,4,3,f,4204,Brick 8 x 16,11
1,970611-1,12062,6587,8,100,f,6587,Technic Axle 3 with Stud,46
1,3446-1,12064,3081cc01,15,25,f,3081cc01,Window 1 x 2 x 2 Classic with Short Sill [Complete],16
1,10163-1,12152,3037,4,20,f,3037,Slope 45° 2 x 4,3
1,10163-1,12152,3038,4,12,f,3038,Slope 45° 2 x 3,3
1,10163-1,12152,3039,4,32,f,3039,Slope 45° 2 x 2,3
1,10163-1,12152,3040b,4,12,f,3040b,Slope 45° 2 x 1 with Bottom Pin,3
1,9970-1,12157,3704,0,4,f,3704,Technic Axle 2,46
1,9970-1,12157,3705,0,12,f,3705,Technic Axle 4,46
1,9970-1,12157,3706,0,12,f,3706,Technic Axle 6,46
1,9970-1,12157,4519,0,8,f,4519,Technic Axle 3,46
1,991327-1,12233,32270,71,25,f,32270,Technic Gear 12 Tooth Double Bevel,52
1,7499-1,12247,219,72,4,t,219,Train Track Plastic Connection/Stacking Pin for Track Storage,36
1,7499-1,12247,53401,72,8,f,53401,"Train, Track Plastic (RC Trains) Straight",36
1,7499-1,12247,64022,72,16,f,64022,Train Track Flexible Segment,36
1,970605-1,12282,6558,0,100,f,6558,Technic Pin Long with Friction Ridges Lengthwise,53
1,970036-1,12332,3956,7,25,f,3956,Bracket 2 x 2 - 2 x 2,9
1,707-1,12352,3068b,15,20,f,3068b,Tile 2 x 2 with Groove,19
1,707-1,12352,3069b,15,20,f,3069b,Tile 1 x 2 with Groove,19
1,707-1,12352,3070b,15,10,f,3070b,Tile 1 x 1 with Groove,19
1,970615-1,12446,3707,0,50,f,3707,Technic Axle 8,46
1,7600-13,12464,33183,10,1,t,33183,Carrot Top,28
1,4071-1,12468,4589,47,1,t,4589,Cone 1 x 1 [No Top Groove],20
1,4071-1,12468,4589,47,6,f,4589,Cone 1 x 1 [No Top Groove],20
1,520-1,12497,3022,0,40,f,3022,Plate 2 x 2,14
1,970607-1,12511,4274,7,100,f,4274,Technic Pin 1/2,53
1,970030-1,12538,2825,7,50,f,2825,Technic Beam 1 x 4 Thin with Stud Connector,51
1,3497-1,12558,3037,0,50,f,3037,Slope 45° 2 x 4,3
1,1341-1,12600,4204,2,3,f,4204,Brick 8 x 16,11
1,3725-1,12617,3004,7,100,f,3004,Brick 1 x 2,11
1,970111-1,12634,6594,0,4,f,6594,Tyre 49.6 x 28 VR,29
1,970111-1,12634,6595,15,4,f,6595,Wheel 49.6 x 28 VR with Axle Hole,29
1,10153-1,12655,2871a,0,2,f,2871a,Train Motor Decorative Side with Closed Hub Points (for 9V Train Motor),36
1,5262-1,12731,3647,7,4,f,3647,Technic Gear 8 Tooth,52
1,5262-1,12731,3648a,7,2,f,3648a,Technic Gear 24 Tooth [Old Style - Three axle holes],52
1,5262-1,12731,4019,7,2,f,4019,Technic Gear 16 Tooth with Round Holes [Old Style],52
1,5196-1,12755,3127,4,2,f,3127,"Hook, Plate, Modified 1 x 2 with Crane Hook Left",34
1,5196-1,12755,4207,7,2,f,4207,Ladder 14 x 2.5,32
1,700.C.6-1,12758,cdoor01,15,2,f,cdoor01,"Door 1 x 2 x 4, with Glass for Slotted Bricks",16
1,518-10,12768,3020,1,24,f,3020,Plate 2 x 4,14
1,3484-1,12846,3020,15,100,f,3020,Plate 2 x 4,14
1,4559288-1,12896,64783,72,2,f,64783,Arm Rock Monster Small,13
1,1108-1,12901,737ac01,4,2,f,737ac01,Plate Special 2 x 4 with Train Coupler Open with Magnet Short Cylinder Red,39
1,1108-1,12901,737ac02,4,2,f,737ac02,Plate Special 2 x 4 with Train Coupler Open with Magnet Short Cylinder Blue,39
1,9370-1,12998,610p01,2,2,f,610p01,Baseplate Road 32 x 32 8-Stud Straight with Road Print,1
1,9370-1,12998,611p01,2,2,f,611p01,Baseplate Road 32 x 32 8-Stud Crossroads with Road Print,1
1,9370-1,12998,612p01,2,2,f,612p01,Baseplate Road 32 x 32 8-Stud T Intersection with Road Print,1
1,1135-1,13005,765c01,7,12,f,765c01,Electric Connector 1 Way Male Squared [Complete Assembly],45
1,970646-1,13035,6588,47,5,f,6588,Technic Gearbox 2 x 4 x 3 1/3,26
1,3499-1,13068,2435,2,25,f,2435,Pine Tree - Small 2 x 2 x 4,28
1,5253-1,13074,3704,0,3,f,3704,Technic Axle 2,46
1,5253-1,13074,3705,0,3,f,3705,Technic Axle 4,46
1,5253-1,13074,3706,0,3,f,3706,Technic Axle 6,46
1,5253-1,13074,4519,0,3,f,4519,Technic Axle 3,46
1,1227-2,13076,3035a,15,4,f,3035a,Plate 4 x 8 with Waffle Bottom,14
1,1147-1,13088,4171,47,2,f,4171,"Electric, Train Light Prism 1 x 3",45
1,1147-1,13088,6141,36,2,f,6141,Plate Round 1 x 1 with Solid Stud,21
1,1147-1,13088,6141,46,2,f,6141,Plate Round 1 x 1 with Solid Stud,21
1,970603-1,13131,3673,7,100,f,3673,Technic Pin without Friction Ridges Lengthwise,53
1,970660-1,13137,2815,0,25,f,2815,Technic Wedge Belt Wheel Tire,29
1,970660-1,13137,4185,7,25,f,4185,Technic Wedge Belt Wheel [aka Pulley],29
1,1135-2,13172,765c01,7,8,f,765c01,Electric Connector 1 Way Male Squared [Complete Assembly],45
1,1135-2,13172,766c01,7,8,f,766c01,Electric Connector - 2 Way Male Squared Narrow Long - Complete Assembly,45
1,5194-1,13184,4276b,0,2,f,4276b,Hinge Plate 1 x 2 with 2 Fingers and Hollow Studs,18
1,41-1,13243,wheel2b,4,4,f,wheel2b,Train Wheel Spoked for Wagon,29
1,991332-1,13263,2905,71,25,f,2905,Technic Beam Triangle Thin [Type I],51
1,9509-22,13289,41890,148,2,f,41890,"Arm Mechanical, Super Battle Droid",13
1,5163-1,13303,3403,4,2,f,3403,Turntable 4 x 4 Square Base,18
1,5163-1,13303,3404,4,2,f,3404,Turntable 4 x 4 Top,18
1,5163-1,13303,3679,7,2,f,3679,Turntable 2 x 2 Plate - Top,18
1,5163-1,13303,3680,1,2,f,3680,"Turntable 2 x 2 Plate, Base",18
1,5004409-1,13304,48729b,72,2,f,48729b,Bar 1L with Clip [Cut Edges and One Side Hole],32
1,3483-1,13306,3020,0,100,f,3020,Plate 2 x 4,14
1,305-1,13310,3947a,7,2,f,3947a,Baseplate Raised 32 x 32 Crater Plate without Crater Studs,1
1,5002-1,13339,498,0,2,f,498,Technic Tread Crawler,29
1,3735-1,13368,4181,7,5,f,4181,Door 1 x 4 x 5 Train Left,16
1,3735-1,13368,4182,7,5,f,4182,Door 1 x 4 x 5 Train Right,16
1,3735-1,13368,4183,47,10,f,4183,Glass for Train Door,16
1,1224-1,13493,3703,4,4,f,3703,Technic Brick 1 x 16 [15 Holes],8
1,1224-1,13493,3895,4,4,f,3895,Technic Brick 1 x 12 [11 Holes],8
1,970010-1,13505,3482,7,50,f,3482,Wheel with Split Axle hole,29
1,970633-1,13510,3701,0,30,f,3701,Technic Brick 1 x 4 [3 Holes],8
1,214.9-1,13535,3087bc01,15,20,f,3087bc01,Window 1 x 1 x 1 Classic with Long Sill [Complete],16
1,214.9-1,13535,3087bc01,4,20,f,3087bc01,Window 1 x 1 x 1 Classic with Long Sill [Complete],16
1,404-4,13548,132a,7,4,f,132a,Tyre Smooth Old Style - Small,29
1,404-4,13548,36,7,2,f,36,Tyre Smooth Old Style - Large,29
1,404-4,13548,7039b,4,4,f,7039b,Wheel Old with 4 Studs and Axle Cam for Motor,29
1,404-4,13548,715a,4,2,f,715a,Wheel Old with 12 Studs and Axle Cam for motor,29
1,460-2,13565,32bc01,15,13,f,32bc01,Door 1 x 2 x 3 Left [Old Style with Glass],16
1,460-2,13565,32bc01,4,13,f,32bc01,Door 1 x 2 x 3 Left [Old Style with Glass],16
1,453-2,13570,646bc01,4,8,f,646bc01,Window 1 x 6 x 2 with Shutters [Old Style Extended Lip &amp; Glass],16
1,453-2,13570,646bc01,15,8,f,646bc01,Window 1 x 6 x 2 with Shutters [Old Style Extended Lip &amp; Glass],16
1,1222-1,13574,3703,1,4,f,3703,Technic Brick 1 x 16 [15 Holes],8
1,1222-1,13574,3895,1,4,f,3895,Technic Brick 1 x 12 [11 Holes],8
1,3316-5,13581,90509,322,2,f,90509,Minifig Ski 6L,27
1,3316-5,13581,90540,322,2,f,90540,"Bar 3L with Handle, Stop Ring and Side Stops (Minifig Ski Pole)",32
1,comcon009-1,13596,30374,41,2,f,30374,Bar 4L (Lightsaber Blade / Wand),32
1,comcon009-1,13596,64567,71,2,f,64567,Minifig Lightsaber Hilt with Bottom Ring,27
1,5200-1,13632,4168,7,4,f,4168,Support 1 x 16 Lattice (Train Signal Mast),34
1,5200-1,13632,4169,7,4,f,4169,Bracket 2 x 3 - 1 x 3 (Train Signal Stand),34
1,10054-1,13634,3297,0,24,f,3297,Slope 33° 3 x 4,3
1,10054-1,13634,3298,0,44,f,3298,Slope 33° 3 x 2,3
1,970606-1,13635,3749,19,100,f,3749,Technic Axle Pin without Friction Ridges Lengthwise,53
1,519-10,13653,3021,1,30,f,3021,Plate 2 x 3,14
1,1233-2,13656,723,80,4,f,723,"HO Scale Accessory Lamp Post, Lattice Mast",50
1,4520-1,13734,74747,8,8,f,74747,Train Track  9V Curved,36
1,700.B-1,13744,bdoor01,4,2,f,bdoor01,Door for Slotted Bricks,16
1,700.B-1,13744,bwindow01,15,4,f,bwindow01,Window 4 Pane for Slotted Bricks,16
1,700.B-1,13744,bwindow02,15,3,f,bwindow02,Window 6 Pane for Slotted Bricks,16
1,700.B-1,13744,bwindow03,15,3,f,bwindow03,Window 8 Pane for Slotted Bricks,16
1,9820-1,13766,3679,7,20,f,3679,Turntable 2 x 2 Plate - Top,18
1,9820-1,13766,3680,1,20,f,3680,"Turntable 2 x 2 Plate, Base",18
1,9820-1,13766,3937,1,12,f,3937,Hinge Brick 1 x 2 Base,18
1,9820-1,13766,3938,1,12,f,3938,Hinge Brick 1 x 2 Top Plate Thin,18
1,1206-1,13780,3941,15,10,f,3941,Brick Round 2 x 2 with Axle Hole,20
1,7687-4,13805,3839b,71,2,f,3839b,Plate Special 1 x 2 with Handles [Flat Ends / Low Attachment],9
1,1236-1,13822,4266,7,2,f,4266,Wheel 20 x 30 Technic,29
1,1236-1,13822,4267,0,2,f,4267,Tyre 20 x 30 Technic,29
1,1226-2,13849,3036a,15,3,f,3036a,Plate 6 x 8 with Square Underside Studholes,14
1,1176-1,13884,3679,7,2,f,3679,Turntable 2 x 2 Plate - Top,18
1,1176-1,13884,3680,4,2,f,3680,"Turntable 2 x 2 Plate, Base",18
1,1176-1,13884,3743,7,2,f,3743,Technic Gear Rack 1 x 4,52
1,7320-1,13939,30377,3,2,f,30377,Arm Mechanical [Battle Droid],13
1,1326-1,13945,3708,0,14,f,3708,Technic Axle 12,46
1,1326-1,13945,3737,0,14,f,3737,Technic Axle 10,46
1,5257-1,13969,4265a,7,10,f,4265a,Technic Bush 1/2 Toothed Type I [+ Opening],54
1,5257-1,13969,4273b,7,10,f,4273b,Technic Connector Toggle Joint Toothed [With Slots],12
1,5257-1,13969,4274,7,5,f,4274,Technic Pin 1/2,53
1,704-1,13974,433c01,0,2,f,433c01,Electric Train 12V Brick  2 x  4 Type 1 (Complete),45
1,7321-1,13979,30377,3,2,f,30377,Arm Mechanical [Battle Droid],13
1,1334-1,13980,6216b,7,2,f,6216b,Electric Motor 4.5V Type 2 for 2-Prong Connectors with Middle Pin,45
1,991335-1,13990,2607,0,10,f,2607,Magnet Holder 2 x 3,39
1,991335-1,13990,73092,0,10,f,73092,Magnet Cylindrical,39
1,7952-23,14005,2423,2,2,f,2423,Leaves 4 x 3,28
1,7952-23,14005,3062b,70,2,f,3062b,Brick Round 1 x 1 Open Stud,20
1,1319-1,14013,3648a,7,14,f,3648a,Technic Gear 24 Tooth [Old Style - Three axle holes],52
1,1319-1,14013,3649,7,8,f,3649,Technic Gear 40 Tooth,52
1,1337-1,14056,766c01,7,12,f,766c01,Electric Connector - 2 Way Male Squared Narrow Long - Complete Assembly,45
1,1337-1,14056,x466,7,6,f,x466,"Electric, Wire 12V / 4.5V with Two Leads [Undetermined Length]",45
1,7575-5,14094,45462,15,4,f,45462,Clikits Icon - Large Star with Pin,48
1,7575-5,14094,46277,13,4,f,46277,Clikits Icon - Small Heart with Pin [Polished],48
1,9967-1,14097,3650,7,4,f,,,
1,9967-1,14097,4143,7,12,f,4143,Technic Gear 14 Tooth Bevel,52
1,520-10,14141,3022,1,40,f,3022,Plate 2 x 2,14
1,818-1,14146,3483,0,4,f,3483,Tire Offset Tread,29
1,818-1,14146,6248,4,2,f,6248,Wheel Freestyle with Pin Hole,29
1,3476-1,14172,3009,2,50,f,3009,Brick 1 x 6,11
1,10003-1,14242,3004,335,100,f,3004,Brick 1 x 2,11
1,7724-14,14252,30090,41,1,t,30090,Minifig Visor - Diver's Mask,27
1,5251-1,14272,73129,7,4,f,73129,Technic Shock Absorber 6.5L with Normal Spring,25
1,457-1,14303,29bc01,4,19,f,29bc01,"Window 1 x 1 x 2 (old type) with Extended Lip, with Glass",16
1,457-1,14303,29bc01,15,19,f,29bc01,"Window 1 x 1 x 2 (old type) with Extended Lip, with Glass",16
1,1138-1,14324,458,7,8,f,458,Tyre for Train Wheel for Electric Train Motor 12V,29
1,3448-1,14344,2493b,0,10,f,2493b,Window 1 x 4 x 5 with Hollow Studs,16
1,3448-1,14344,2494,47,10,f,2494,Glass for Window 1 x 4 x 5,16
1,5162-1,14360,3185,4,6,f,3185,Fence 1 x 4 x 2,32
1,5162-1,14360,3358,0,2,f,3358,Fence Gate 1 x 3 x 2,32
1,5162-1,14360,3359,0,2,f,3359,Fence Gate 1 x 3 x 2 Base,32
1,480-5,14391,3037,1,12,f,3037,Slope 45° 2 x 4,3
1,480-5,14391,3041,1,2,f,3041,Slope 45° 2 x 4 Double,3
1,1208-1,14471,3660,4,10,f,3660,"Slope Inverted 45° 2 x 2 [Ovoid Bottom Pin, Bar-sized Stud Holes]",3
1,1208-1,14471,3665,4,6,f,3665,Slope Inverted 45° 2 x 1,3
1,8934-1,14510,57555,41,7,f,57555,"Bionicle Squid, Rubber",41
1,7553-24,14538,93160,15,1,t,93160,Dog Bone [Short],28
1,1204-1,14539,3185,4,6,f,3185,Fence 1 x 4 x 2,32
1,1204-1,14539,3358,0,2,f,3358,Fence Gate 1 x 3 x 2,32
1,1204-1,14539,3359,0,2,f,3359,Fence Gate 1 x 3 x 2 Base,32
1,9969-1,14592,3482,7,12,f,3482,Wheel with Split Axle hole,29
1,9969-1,14592,3483,0,8,f,3483,Tire Offset Tread,29
1,9969-1,14592,3634,0,4,f,3634,Tire 17 x 43,29
1,7850-1,14639,3228b,7,16,f,3228b,Train Track Slotted Rail Straight,36
1,7850-1,14639,767,8,16,f,767,Train Track Sleeper Plate 2 x 8 without Cable Grooves,9
1,5066-1,14742,4022,0,2,f,4022,Train Buffer Beam,36
1,5066-1,14742,4023,0,2,f,4023,Train Coupling,39
1,5066-1,14742,73092,0,2,f,73092,Magnet Cylindrical,39
1,4286025-1,14803,45575,71,2,f,45575,"Technic, Spike Connector Pin Double 3L",12
1,4286025-1,14803,45799,71,4,f,45799,Technic Bush RC Car Wheel Flexible,29
1,B004-1,14811,3299,0,25,f,3299,Slope 33° 2 x 4 Double,3
1,214.1-1,14815,604c01,4,6,f,604c01,Window 1 x 6 x 3 Panorama with Glass,16
1,214.1-1,14815,604c01,15,6,f,604c01,Window 1 x 6 x 3 Panorama with Glass,16
1,970039-1,14817,6632,7,50,f,6632,Technic Beam 1 x 3 Thin,51
1,10111-1,14832,3470,2,10,f,3470,Fruit Tree,28
1,5190-1,14857,4079,14,4,f,4079,Minifig Seat 2 x 2,36
1,5190-1,14857,4176,47,2,f,4176,Windscreen 2 x 6 x 2,47
1,9866-1,14870,265bc01,14,6,f,265bc01,Electric Lightbrick 2 x 2 Type 2 - 4.5V [Complete],45
1,9866-1,14870,3065,46,2,f,3065,Brick 1 x 2 without Bottom Tube,11
1,9866-1,14870,3065,34,2,f,3065,Brick 1 x 2 without Bottom Tube,11
1,9866-1,14870,3065,36,2,f,3065,Brick 1 x 2 without Bottom Tube,11
1,5037-1,14962,4755,15,2,f,4755,Electric Plate 1 x 2 with Contacts,45
1,5037-1,14962,4757,15,3,f,4757,Plate 2 x 4 [Electrical Contacts],45
1,5037-1,14962,4758,15,4,f,4758,Electric Plate 2 x 8 with Contacts,45
1,1133-1,15007,3830,7,2,f,3830,Hinge Brick 1 x 4 [Upper],18
1,1133-1,15007,3830,1,2,f,3830,Hinge Brick 1 x 4 [Upper],18
1,1133-1,15007,3831,7,2,f,3831,Hinge Brick 1 x 4 [Lower],18
1,1133-1,15007,3831,1,2,f,3831,Hinge Brick 1 x 4 [Lower],18
1,970008-1,15025,3004,4,50,f,3004,Brick 1 x 2,11
1,5235-1,15047,2730,0,2,f,2730,Technic Brick 1 x 10 [9 Holes],8
1,5235-1,15047,3702,0,4,f,3702,Technic Brick 1 x 8 [7 Holes],8
1,5235-1,15047,3703,0,2,f,3703,Technic Brick 1 x 16 [15 Holes],8
1,5235-1,15047,3895,0,2,f,3895,Technic Brick 1 x 12 [11 Holes],8
1,6322-1,15098,610p01,2,2,f,610p01,Baseplate Road 32 x 32 8-Stud Straight with Road Print,1
1,1116-1,15159,273,0,25,f,273,Technic Chain Link with Two Studs,26
1,970641-1,15184,6573,8,10,f,6573,"Technic Gear Differential, 24 -16 Teeth",52
1,9362-1,15205,2359p01,7,2,f,2359p01,Baseplate Road 32 x 32 7-Stud Curve with Road Print,1
1,9362-1,15205,2360p01,7,2,f,2360p01,Baseplate Road 32 x 32 7-Stud T Intersection with Crosswalks Print,1
1,9362-1,15205,2361p01,7,2,f,2361p01,Baseplate Road 32 x 32 7-Stud Crossroads with Road and Crosswalks Print,1
1,9362-1,15205,80547pb01,7,2,f,80547pb01,Baseplate Road 32 x 32 7-Stud Straight with Road with White Sidelines Print,1
1,5238-1,15213,3703,4,4,f,3703,Technic Brick 1 x 16 [15 Holes],8
1,5238-1,15213,3895,4,4,f,3895,Technic Brick 1 x 12 [11 Holes],8
1,5243-1,15314,3711a,0,70,f,3711a,Technic Chain Link,26
1,5268-1,15390,2994,15,4,f,2994,Wheel 30.4 x 14 VR,29
1,5268-1,15390,6578,0,4,f,6578,Tyre 30.4 x 14 VR,29
1,1119-1,15397,263,0,2,f,263,"Plate Special 1 x 2 with Steam Engine Cylinder, Flat Surfaces",36
1,1119-1,15397,x515,14,2,f,x515,Train Steam Drive Rod,36
1,1119-1,15397,x564,4,2,f,x564,Train Steam Drive Rod Holder,36
1,1213-1,15402,3960,7,2,f,3960,Dish 4 x 4 Inverted [Radar],21
1,1213-1,15402,4285a,7,2,f,4285a,Dish 6 x 6 Inverted [Radar / Webbed / No anti-studs],21
1,159-1,15414,3034,15,8,f,3034,Plate 2 x 8,14
1,159-1,15414,3228a,1,16,f,3228a,Train Track Tapered Rail Straight 16L,36
1,1318-1,15416,3647,7,50,f,3647,Technic Gear 8 Tooth,52
1,1318-1,15416,3650a,7,8,f,3650a,Technic Gear 24 Tooth Crown with Flat Teeth,52
1,1318-1,15416,4019,7,10,f,4019,Technic Gear 16 Tooth with Round Holes [Old Style],52
1,10006-1,15420,3009,335,50,f,3009,Brick 1 x 6,11
1,1112-1,15427,x946,0,2,f,x946,Train Brick  2 x  4 x  1.333 Sliding Wheel Block,36
1,1122-1,15438,3149c01,4,2,f,3149c01,Hinge Plate 2 x 5 [Complete Assembly],18
1,970042-1,15468,3651,7,75,f,3651,Technic Axle and Pin Connector,12
1,5273-1,15527,4266,15,2,f,4266,Wheel 20 x 30 Technic,29
1,5273-1,15527,4267,0,2,f,4267,Tyre 20 x 30 Technic,29
1,417-4,15586,702,1,5,f,702,Brick 4 x 4 Corner,11
1,417-4,15586,702,4,5,f,702,Brick 4 x 4 Corner,11
1,417-4,15586,702,14,5,f,702,Brick 4 x 4 Corner,11
1,417-4,15586,702,15,5,f,702,Brick 4 x 4 Corner,11
1,918-tclear-2,15590,3001a,47,21,f,3001a,Brick 2 x 4 without Cross Supports,11
1,5002125-1,15610,59233pat0001,41,2,f,59233pat0001,Wave Angular with Marbled Trans-Purple Pattern,27
1,7322-1,15634,30377,3,2,f,30377,Arm Mechanical [Battle Droid],13
1,1344-1,15642,265bc01,14,6,f,265bc01,Electric Lightbrick 2 x 2 Type 2 - 4.5V [Complete],45
1,1344-1,15642,3065,46,2,f,3065,Brick 1 x 2 without Bottom Tube,11
1,1344-1,15642,3065,36,2,f,3065,Brick 1 x 2 without Bottom Tube,11
1,1344-1,15642,3065,34,2,f,3065,Brick 1 x 2 without Bottom Tube,11
1,3493-1,15648,3068b,15,100,f,3068b,Tile 2 x 2 with Groove,19
1,404-3,15653,132a,7,4,f,132a,Tyre Smooth Old Style - Small,29
1,404-3,15653,36,7,2,f,36,Tyre Smooth Old Style - Large,29
1,404-3,15653,7039b,4,4,f,7039b,Wheel Old with 4 Studs and Axle Cam for Motor,29
1,404-3,15653,715a,4,2,f,715a,Wheel Old with 12 Studs and Axle Cam for motor,29
1,10053-1,15654,3299,0,10,f,3299,Slope 33° 2 x 4 Double,3
1,10053-1,15654,3300,0,10,f,3300,Slope 33° 2 x 2 Double,3
1,10053-1,15654,3675,0,24,f,3675,Slope 33° 3 x 3 Double Convex,3
1,1212-1,15664,3942a,0,2,f,3942a,Cone 2 x 2 x 2 [Solid Stud],20
1,1212-1,15664,3943b,0,2,f,3943b,Cone 4 x 4 x 2 [Axle Hole],20
1,1212-1,15664,3963,0,2,f,3963,Brick Special 1 x 1 with 3 Loudspeakers / Space Positioning Rockets,35
1,970110-1,15696,4697b,7,25,f,4697b,Pneumatic T-Piece (T Bar) [New Style],22
1,918-red-2,15785,3001a,4,21,f,3001a,Brick 2 x 4 without Cross Supports,11
1,154-1,15808,3062a,14,2,f,3062a,Brick Round 1 x 1 Solid Stud,20
1,281-2,15820,3038,1,8,f,3038,Slope 45° 2 x 3,3
1,281-2,15820,3040a,1,9,f,3040a,Slope 45° 2 x 1 - without Bottom Tube,3
1,281-2,15820,3042,1,2,f,3042,Slope 45° 2 x 3 Double,3
1,281-2,15820,3044a,1,2,f,3044a,Slope 45° 2 x 1 Double without Bottom Pin,3
1,2734-1,15953,6377,8,6,f,6377,"Duplo, Train Track Straight (short)",4
1,401-2,16000,36,7,2,f,36,Tyre Smooth Old Style - Large,29
1,401-2,16000,7049b,15,2,f,7049b,"Brick, Modified 2 x 4 with Wheels Holder Old, Clear Bottom",29
1,401-2,16000,715,4,2,f,715,Wheel Old with 12 Studs,29
1,227-1,16005,712a,15,2,f,712a,Plate Round Curved 4 x 8 Left with Waffle Bottom,21
1,227-1,16005,713a,15,2,f,713a,Plate Round Curved 4 x 8 Right with Waffle Bottom,21
1,7574-18,16009,45449,118,2,f,45449,Clikits Icon - Large Heart with Pin,48
1,7574-18,16009,45452,43,2,f,45452,Clikits Icon - Small Heart with Hole,48
1,7574-18,16009,clikits004,13,2,f,clikits004,"Clikits Icon, Flower 10 Petals 2 x 2 Small with Pin",48
1,7574-18,16009,clikits005,230,2,f,clikits005,"Clikits Icon, Flower 10 Petals 2 x 2 Small with Hole",48
1,1221-2,16016,3005,4,40,f,3005,Brick 1 x 1,11
1,1221-2,16016,3005,1,40,f,3005,Brick 1 x 1,11
1,1221-2,16016,3005,14,40,f,3005,Brick 1 x 1,11
1,1221-2,16016,3005,15,40,f,3005,Brick 1 x 1,11
1,1110-1,16022,458,0,4,f,458,Tyre for Train Wheel for Electric Train Motor 12V,29
1,1110-1,16022,wheel2a,4,4,f,wheel2a,Train Wheel Spoked for Motor,29
1,520-3,16026,3022,2,40,f,3022,Plate 2 x 2,14
1,970624-1,16085,3650c,7,50,f,3650c,Technic Gear 24 Tooth Crown with Reinforcements [New Style],52
1,970116-1,16090,32270,7,25,f,32270,Technic Gear 12 Tooth Double Bevel,52
1,970658-1,16093,75974,1,2,f,75974,Pneumatic Airtank,22
1,10202-1,16117,3705,0,2,f,3705,Technic Axle 4,46
1,301-1,16122,609p01,7,2,f,609p01,Baseplate Road 32 x 32 9-Stud Curve with Road Print,1
1,2735-1,16157,6378,8,6,f,6378,Duplo Train Track Curved [Short],4
1,970040-1,16178,32007,15,4,f,32007,Technic Tread Hub,29
1,970040-1,16178,680c01,0,2,f,680c01,"Tread Large, Technic [34 Links]",29
1,935-1,16201,3297,4,27,f,3297,Slope 33° 3 x 4,3
1,935-1,16201,3298,4,8,f,3298,Slope 33° 3 x 2,3
1,935-1,16201,3299,4,6,f,3299,Slope 33° 2 x 4 Double,3
1,935-1,16201,3300,4,2,f,3300,Slope 33° 2 x 2 Double,3
1,970625-1,16237,3648b,7,50,f,3648b,Technic Gear 24 Tooth [New Style with Single Axle Hole],52
1,1148-1,16238,4143,7,4,f,4143,Technic Gear 14 Tooth Bevel,52
1,150-1,16242,3034,15,1,t,3034,Plate 2 x 8,14
1,150-1,16242,3034,15,9,f,3034,Plate 2 x 8,14
1,150-1,16242,3228a,1,16,f,3228a,Train Track Tapered Rail Straight 16L,36
1,150-1,16242,3228a,1,2,t,3228a,Train Track Tapered Rail Straight 16L,36
1,5185-1,16250,2439,8,4,f,2439,Trash Can with 2 Cover Holders,7
1,5185-1,16250,4740,8,4,f,4740,Dish 2 x 2 Inverted [Radar],21
1,B005-1,16256,3299,4,25,f,3299,Slope 33° 2 x 4 Double,3
1,3462-1,16260,3001,4,50,f,3001,Brick 2 x 4,11
1,9936-1,16268,73090b,0,2,f,73090b,Weight 2 x 6 x 2 with Sealed Bottom and Dimples on Ends,5
1,41016-12,16304,98138,297,1,t,98138,Tile Round 1 x 1,19
1,970632-1,16332,3700,0,50,f,3700,Technic Brick 1 x 2 [1 Hole],8
1,5004077-1,16412,88646,71,4,f,88646,Tile Special 4 x 3 with 4 Studs in Centre,15
1,70372-1,17324,11476,71,2,f,11476,Plate Special 1 x 2 with Clip Horizontal on Side,9
2,214.6-1,17799,3081bc01,15,15,f,3081bc01,"Window 1 x 2 x 2 (old type) with Extended Lip and Hollow Studs, with Glass",16
1,9286-1,18155,3811,2,2,f,3811,Baseplate 32 x 32,1
